player_name,country,year,current_position,suggested_position,source,confidence,reason,notes
Richard Loe,New Zealand,1987,TBC,,,,No trusted structured position source found,
Richard Loe,New Zealand,1991,TBC,,,,No trusted structured position source found,
Richard Loe,New Zealand,1995,TBC,,,,No trusted structured position source found,
Alan Whetton,New Zealand,1987,TBC,,,,No trusted structured position source found,
Alan Whetton,New Zealand,1991,TBC,,,,No trusted structured position source found,
Andy Earl,New Zealand,1987,TBC,,,,No trusted structured position source found,
Andy Earl,New Zealand,1991,TBC,,,,No trusted structured position source found,
Bernie McCahill,New Zealand,1987,TBC,,,,No trusted structured position source found,
Bernie McCahill,New Zealand,1991,TBC,,,,No trusted structured position source found,
Bruce Deans,New Zealand,1987,TBC,,,,No trusted structured position source found,
Craig Green,New Zealand,1987,TBC,,,,No trusted structured position source found,
David Kirk,New Zealand,1987,TBC,,,,No trusted structured position source found,
Frano Botica,New Zealand,1987,TBC,,,,No trusted structured position source found,
Grant Fox,New Zealand,1987,TBC,,,,No trusted structured position source found,
Grant Fox,New Zealand,1991,TBC,,,,No trusted structured position source found,
Joe Stanley,New Zealand,1987,TBC,,,,No trusted structured position source found,
John Drake,New Zealand,1987,TBC,,,,No trusted structured position source found,
John Kirwan,New Zealand,1987,TBC,,,,No trusted structured position source found,
John Kirwan,New Zealand,1991,TBC,,,,No trusted structured position source found,
Mark Brooke-Cowden,New Zealand,1987,TBC,,,,No trusted structured position source found,
Michael Jones,New Zealand,1987,TBC,,,,No trusted structured position source found,
Michael Jones,New Zealand,1991,TBC,,,,No trusted structured position source found,
Steve McDowall,New Zealand,1987,TBC,,,,No trusted structured position source found,
Steve McDowall,New Zealand,1991,TBC,,,,No trusted structured position source found,
Terry Wright,New Zealand,1987,TBC,,,,No trusted structured position source found,
Terry Wright,New Zealand,1991,TBC,,,,No trusted structured position source found,
Warwick Taylor,New Zealand,1987,TBC,,,,No trusted structured position source found,
Mark Hartill,Australia,1987,TBC,,,,No trusted structured position source found,
Mark Hartill,Australia,1995,TBC,,,,No trusted structured position source found,
Andrew Slack,Australia,1987,TBC,,,,No trusted structured position source found,
Andy McIntyre,Australia,1987,TBC,,,,No trusted structured position source found,
Brett Papworth,Australia,1987,TBC,,,,No trusted structured position source found,
Cameron Lillicrap,Australia,1987,TBC,,,,No trusted structured position source found,
Cameron Lillicrap,Australia,1991,TBC,,,,No trusted structured position source found,
David Codey,Australia,1987,TBC,,,,No trusted structured position source found,
Enrique Rodríguez,Australia,1987,TBC,,,,No trusted structured position source found,
Jeff Miller,Australia,1987,TBC,,,,No trusted structured position source found,
Jeff Miller,Australia,1991,TBC,,,,No trusted structured position source found,
Michael Cook,Australia,1987,TBC,,,,No trusted structured position source found,
Peter Grigg,Australia,1987,TBC,,,,No trusted structured position source found,
Simon Poidevin,Australia,1987,TBC,,,,No trusted structured position source found,
Simon Poidevin,Australia,1991,TBC,,,,No trusted structured position source found,
Fran Clough,England,1987,TBC,,,,No trusted structured position source found,
Gareth Chilcott,England,1987,TBC,,,,No trusted structured position source found,
Gary Pearce,England,1987,TBC,,,,No trusted structured position source found,
Gary Pearce,England,1991,TBC,,,,No trusted structured position source found,
Gary Rees,England,1987,TBC,,,,No trusted structured position source found,
Gary Rees,England,1991,TBC,,,,No trusted structured position source found,
Jamie Salmon,England,1987,TBC,,,,No trusted structured position source found,
Jeff Probyn,England,1987,TBC,,,,No trusted structured position source found,
Jeff Probyn,England,1991,TBC,,,,No trusted structured position source found,
Jon Hall,England,1987,TBC,,,,No trusted structured position source found,
Kevin Simms,England,1987,TBC,,,,No trusted structured position source found,
Mark Bailey,England,1987,TBC,,,,No trusted structured position source found,
Mike Harrison,England,1987,TBC,,,,No trusted structured position source found,
Paul Rendall,England,1987,TBC,,,,No trusted structured position source found,
Paul Rendall,England,1991,TBC,,,,No trusted structured position source found,
Peter Winterbottom,England,1987,TBC,,,,No trusted structured position source found,
Peter Winterbottom,England,1991,TBC,,,,No trusted structured position source found,
Franck Mesnel,France,1987,TBC,,,,No trusted structured position source found,
Franck Mesnel,France,1991,TBC,,,,No trusted structured position source found,
Franck Mesnel,France,1995,TBC,,,,No trusted structured position source found,
Louis Armary,France,1987,TBC,,,,No trusted structured position source found,
Louis Armary,France,1991,TBC,,,,No trusted structured position source found,
Louis Armary,France,1995,TBC,,,,No trusted structured position source found,
Denis Charvet,France,1987,TBC,,,,No trusted structured position source found,
Dominique Erbani,France,1987,TBC,,,,No trusted structured position source found,
Jean-Baptiste Lafond,France,1987,TBC,,,,No trusted structured position source found,
Jean-Baptiste Lafond,France,1991,TBC,,,,No trusted structured position source found,
Jean-Louis Tolot,France,1987,TBC,,,,No trusted structured position source found,
Jean-Luc Joinel,France,1987,TBC,,,,No trusted structured position source found,
Jean-Pierre Garuet-Lempirou,France,1987,TBC,,,,No trusted structured position source found,
Marc Andrieu,France,1987,TBC,,,,No trusted structured position source found,
Pascal Ondarts,France,1987,TBC,,,,No trusted structured position source found,
Pascal Ondarts,France,1991,TBC,,,,No trusted structured position source found,
Patrick Estève,France,1987,TBC,,,,No trusted structured position source found,
Éric Bonneval,France,1987,TBC,,,,No trusted structured position source found,
Éric Champ,France,1987,TBC,,,,No trusted structured position source found,
Éric Champ,France,1991,TBC,,,,No trusted structured position source found,
Brendan Mullin,Ireland,1987,TBC,,,,No trusted structured position source found,
Brendan Mullin,Ireland,1991,TBC,,,,No trusted structured position source found,
Brendan Mullin,Ireland,1995,TBC,,,,No trusted structured position source found,
David Irwin,Ireland,1987,TBC,,,,No trusted structured position source found,
Derek McGrath,Ireland,1987,TBC,,,,No trusted structured position source found,
Des Fitzgerald,Ireland,1987,TBC,,,,No trusted structured position source found,
Des Fitzgerald,Ireland,1991,TBC,,,,No trusted structured position source found,
J. J. McCoy,Ireland,1987,TBC,,,,No trusted structured position source found,
Job Langbroek,Ireland,1987,TBC,,,,No trusted structured position source found,
Keith Crossan,Ireland,1987,TBC,,,,No trusted structured position source found,
Keith Crossan,Ireland,1991,TBC,,,,No trusted structured position source found,
Mike Kiernan,Ireland,1987,TBC,,,,No trusted structured position source found,
Nigel Carr,Ireland,1987,TBC,,,,No trusted structured position source found,
Paul Collins,Ireland,1987,TBC,,,,No trusted structured position source found,
Philip Orr,Ireland,1987,TBC,,,,No trusted structured position source found,
Phillip Matthews,Ireland,1987,TBC,,,,No trusted structured position source found,
Phillip Matthews,Ireland,1991,TBC,,,,No trusted structured position source found,
Trevor Ringland,Ireland,1987,TBC,,,,No trusted structured position source found,
Dai Young,Wales,1987,TBC,,,,No trusted structured position source found,
Dai Young,Wales,1999,TBC,,,,No trusted structured position source found,
Ieuan Evans,Wales,1987,TBC,,,,No trusted structured position source found,
Ieuan Evans,Wales,1991,TBC,,,,No trusted structured position source found,
Ieuan Evans,Wales,1995,TBC,,,,No trusted structured position source found,
Adrian Hadley,Wales,1987,TBC,,,,No trusted structured position source found,
Anthony Buchanan,Wales,1987,TBC,,,,No trusted structured position source found,
Bleddyn Bowen,Wales,1987,TBC,,,,No trusted structured position source found,
Glen Webbe,Wales,1987,TBC,,,,No trusted structured position source found,
Jeff Whitefoot,Wales,1987,TBC,,,,No trusted structured position source found,
John Devereux,Wales,1987,TBC,,,,No trusted structured position source found,
John Rawlins,Wales,1987,TBC,,,,No trusted structured position source found,
Kevin Hopkins,Wales,1987,TBC,,,,No trusted structured position source found,
Mark Ring,Wales,1987,TBC,,,,No trusted structured position source found,
Mark Ring,Wales,1991,TBC,,,,No trusted structured position source found,
Mark Titley,Wales,1987,TBC,,,,No trusted structured position source found,
Richard Webster,Wales,1987,TBC,,,,No trusted structured position source found,
Richard Webster,Wales,1991,TBC,,,,No trusted structured position source found,
Richie Collins,Wales,1987,TBC,,,,No trusted structured position source found,
Richie Collins,Wales,1991,TBC,,,,No trusted structured position source found,
Steve Blackmore,Wales,1987,TBC,,,,No trusted structured position source found,
Stuart Evans,Wales,1987,TBC,,,,No trusted structured position source found,
Alan Tait,Scotland,1987,TBC,,,,No trusted structured position source found,
Alan Tait,Scotland,1999,TBC,,,,No trusted structured position source found,
Scott Hastings,Scotland,1987,TBC,,,,No trusted structured position source found,
Scott Hastings,Scotland,1991,TBC,,,,No trusted structured position source found,
Scott Hastings,Scotland,1995,TBC,,,,No trusted structured position source found,
Alex Brewster,Scotland,1987,TBC,,,,No trusted structured position source found,
David Sole,Scotland,1987,TBC,,,,No trusted structured position source found,
David Sole,Scotland,1991,TBC,,,,No trusted structured position source found,
Derek Turnbull,Scotland,1987,TBC,,,,No trusted structured position source found,
Douglas Wyllie,Scotland,1987,TBC,,,,No trusted structured position source found,
Douglas Wyllie,Scotland,1991,TBC,,,,No trusted structured position source found,
Finlay Calder,Scotland,1987,TBC,,,,No trusted structured position source found,
Finlay Calder,Scotland,1991,TBC,,,,No trusted structured position source found,
Iain Milne,Scotland,1987,TBC,,,,No trusted structured position source found,
Iwan Tukalo,Scotland,1987,TBC,,,,No trusted structured position source found,
Iwan Tukalo,Scotland,1991,TBC,,,,No trusted structured position source found,
John Jeffrey,Scotland,1987,TBC,,,,No trusted structured position source found,
John Jeffrey,Scotland,1991,TBC,,,,No trusted structured position source found,
Keith Robertson,Scotland,1987,TBC,,,,No trusted structured position source found,
Matt Duncan,Scotland,1987,TBC,,,,No trusted structured position source found,
Norrie Rowan,Scotland,1987,TBC,,,,No trusted structured position source found,
Diego Cuesta Silva,Argentina,1987,TBC,,,,No trusted structured position source found,
Diego Cuesta Silva,Argentina,1991,TBC,,,,No trusted structured position source found,
Diego Cuesta Silva,Argentina,1995,TBC,,,,No trusted structured position source found,
Alejandro Schiavio,Argentina,1987,TBC,,,,No trusted structured position source found,
Diego Cash,Argentina,1987,TBC,,,,No trusted structured position source found,
Diego Cash,Argentina,1991,TBC,,,,No trusted structured position source found,
Fabián Turnes,Argentina,1987,TBC,,,,No trusted structured position source found,
Fernando Morel,Argentina,1987,TBC,,,,No trusted structured position source found,
Hugo Torres,Argentina,1987,TBC,,,,No trusted structured position source found,
Jorge Allen,Argentina,1987,TBC,,,,No trusted structured position source found,
José Mostany,Argentina,1987,TBC,,,,No trusted structured position source found,
Juan Lanza,Argentina,1987,TBC,,,,No trusted structured position source found,
Luis Molina,Argentina,1987,TBC,,,,No trusted structured position source found,
Luis Molina,Argentina,1991,TBC,,,,No trusted structured position source found,
Marcelo Campo,Argentina,1987,TBC,,,,No trusted structured position source found,
Pedro Lanza,Argentina,1987,TBC,,,,No trusted structured position source found,
Rafael Madero,Argentina,1987,TBC,,,,No trusted structured position source found,
Apisai Nagata,Fiji,1987,TBC,,,,No trusted structured position source found,
Epineri Naituku,Fiji,1987,TBC,,,,No trusted structured position source found,
Jimi Damu,Fiji,1987,TBC,,,,No trusted structured position source found,
Kaiava Salusalu,Fiji,1987,TBC,,,,No trusted structured position source found,
Kavekini Nalaga,Fiji,1987,TBC,,,,No trusted structured position source found,
Livai Kididromo,Fiji,1987,TBC,,,,No trusted structured position source found,
Manasa Qoro,Fiji,1987,TBC,,,,No trusted structured position source found,
Peni Volavola,Fiji,1987,TBC,,,,No trusted structured position source found,
Peni Volavola,Fiji,1991,TBC,,,,No trusted structured position source found,
Sairusi Naituku,Fiji,1987,TBC,,,,No trusted structured position source found,
Samuela Vunivalu,Fiji,1987,TBC,,,,No trusted structured position source found,
Serupepeli Tuvula,Fiji,1987,TBC,,,,No trusted structured position source found,
Sirilo Lovokuro,Fiji,1987,TBC,,,,No trusted structured position source found,
Tom Mitchell,Fiji,1987,TBC,,,,No trusted structured position source found,
Tomasi Cama,Fiji,1987,TBC,,,,No trusted structured position source found,
Eiji Kutsuki,Japan,1987,TBC,,,,No trusted structured position source found,
Eiji Kutsuki,Japan,1991,TBC,,,,No trusted structured position source found,
Katsufumi Miyamoto,Japan,1987,TBC,,,,No trusted structured position source found,
Katsufumi Miyamoto,Japan,1991,TBC,,,,No trusted structured position source found,
Koji Horaguchi,Japan,1987,TBC,,,,No trusted structured position source found,
Koji Yasumi,Japan,1987,TBC,,,,No trusted structured position source found,
Kojiro Yoshinaga,Japan,1987,TBC,,,,No trusted structured position source found,
Masaharu Aizawa,Japan,1987,TBC,,,,No trusted structured position source found,
Minoru Okidoi,Japan,1987,TBC,,,,No trusted structured position source found,
Nofomuli Taumoefolau,Japan,1987,TBC,,,,No trusted structured position source found,
Shinji Onuki,Japan,1987,TBC,,,,No trusted structured position source found,
Toshiro Yoshino,Japan,1987,TBC,,,,No trusted structured position source found,
Toshitaka Kimura,Japan,1987,TBC,,,,No trusted structured position source found,
Yasuharu Kawase,Japan,1987,TBC,,,,No trusted structured position source found,
Marcello Cuttitta,Italy,1987,TBC,,,,No trusted structured position source found,
Marcello Cuttitta,Italy,1991,TBC,,,,No trusted structured position source found,
Marcello Cuttitta,Italy,1995,TBC,,,,No trusted structured position source found,
Fabio Gaetaniello,Italy,1987,TBC,,,,No trusted structured position source found,
Fabio Gaetaniello,Italy,1991,TBC,,,,No trusted structured position source found,
Giancarlo Cucchiella,Italy,1987,TBC,,,,No trusted structured position source found,
Gianni Zanon,Italy,1987,TBC,,,,No trusted structured position source found,
Gianni Zanon,Italy,1991,TBC,,,,No trusted structured position source found,
Giuseppe Artuso,Italy,1987,TBC,,,,No trusted structured position source found,
Guido Rossi,Italy,1987,TBC,,,,No trusted structured position source found,
Guido Rossi,Italy,1991,TBC,,,,No trusted structured position source found,
Mario Pavin,Italy,1987,TBC,,,,No trusted structured position source found,
Massimo Mascioletti,Italy,1987,TBC,,,,No trusted structured position source found,
Piergianni Farina,Italy,1987,TBC,,,,No trusted structured position source found,
Raffaele Dolfato,Italy,1987,TBC,,,,No trusted structured position source found,
Sergio Zorzi,Italy,1987,TBC,,,,No trusted structured position source found,
Stefano Barba,Italy,1987,TBC,,,,No trusted structured position source found,
Stefano Barba,Italy,1991,TBC,,,,No trusted structured position source found,
Stefano Romagnoli,Italy,1987,TBC,,,,No trusted structured position source found,
Tito Lupini,Italy,1987,TBC,,,,No trusted structured position source found,
Alamoni Liavaʻa,Tonga,1987,TBC,,,,No trusted structured position source found,
Asa Amone,Tonga,1987,TBC,,,,No trusted structured position source found,
Fakahau Valu,Tonga,1987,TBC,,,,No trusted structured position source found,
Hakatoa Tupou,Tonga,1987,TBC,,,,No trusted structured position source found,
Latu Vaʻeno,Tonga,1987,TBC,,,,No trusted structured position source found,
Quddus Fielea,Tonga,1987,TBC,,,,No trusted structured position source found,
Samiu Mohi,Tonga,1987,TBC,,,,No trusted structured position source found,
Soakai Motuʻapuaka,Tonga,1987,TBC,,,,No trusted structured position source found,
Soane Asi,Tonga,1987,TBC,,,,No trusted structured position source found,
Taipaleti Tuʻuta,Tonga,1987,TBC,,,,No trusted structured position source found,
Takai Makisi,Tonga,1987,TBC,,,,No trusted structured position source found,
Talanoa Kitekeiʻaho,Tonga,1987,TBC,,,,No trusted structured position source found,
Viliami Lutua,Tonga,1987,TBC,,,,No trusted structured position source found,
Blane Warhurst,USA,1987,TBC,,,,No trusted structured position source found,
Butch Horwath,USA,1987,TBC,,,,No trusted structured position source found,
Denis Shanagher,USA,1987,TBC,,,,No trusted structured position source found,
Fred Paoli,USA,1987,TBC,,,,No trusted structured position source found,
Fred Paoli,USA,1991,TBC,,,,No trusted structured position source found,
Gary Hein,USA,1987,TBC,,,,No trusted structured position source found,
Gary Hein,USA,1991,TBC,,,,No trusted structured position source found,
Gary Lambert,USA,1987,TBC,,,,No trusted structured position source found,
Kevin Higgins,USA,1987,TBC,,,,No trusted structured position source found,
Kevin Higgins,USA,1991,TBC,,,,No trusted structured position source found,
Mike Purcell,USA,1987,TBC,,,,No trusted structured position source found,
Neal Brendel,USA,1987,TBC,,,,No trusted structured position source found,
Rick Bailey,USA,1987,TBC,,,,No trusted structured position source found,
Roy Helu,USA,1987,TBC,,,,No trusted structured position source found,
Steve Finkel,USA,1987,TBC,,,,No trusted structured position source found,
Tommy Vinick,USA,1987,TBC,,,,No trusted structured position source found,
Eddie Evans,Canada,1987,TBC,,,,No trusted structured position source found,
Eddie Evans,Canada,1991,TBC,,,,No trusted structured position source found,
Eddie Evans,Canada,1995,TBC,,,,No trusted structured position source found,
Steve Gray,Canada,1987,TBC,,,,No trusted structured position source found,
Steve Gray,Canada,1991,TBC,,,,No trusted structured position source found,
Steve Gray,Canada,1995,TBC,,,,No trusted structured position source found,
Bill Handson,Canada,1987,TBC,,,,No trusted structured position source found,
Bruce Breen,Canada,1987,TBC,,,,No trusted structured position source found,
Bruce Breen,Canada,1991,TBC,,,,No trusted structured position source found,
Charles Jones,Canada,1987,TBC,,,,No trusted structured position source found,
Ian Stuart,Canada,1987,TBC,,,,No trusted structured position source found,
John Lecky,Canada,1987,TBC,,,,No trusted structured position source found,
John Lecky,Canada,1991,TBC,,,,No trusted structured position source found,
Pat Palmer,Canada,1987,TBC,,,,No trusted structured position source found,
Pat Palmer,Canada,1991,TBC,,,,No trusted structured position source found,
Paul Vaesen,Canada,1987,TBC,,,,No trusted structured position source found,
Randy McKellar,Canada,1987,TBC,,,,No trusted structured position source found,
Rob Frame,Canada,1987,TBC,,,,No trusted structured position source found,
Ross Breen,Canada,1987,TBC,,,,No trusted structured position source found,
Roy Radu,Canada,1987,TBC,,,,No trusted structured position source found,
Roy Radu,Canada,1991,TBC,,,,No trusted structured position source found,
Spence McTavish,Canada,1987,TBC,,,,No trusted structured position source found,
Tom Woods,Canada,1987,TBC,,,,No trusted structured position source found,
Tom Woods,Canada,1991,TBC,,,,No trusted structured position source found,
Adrian Lungu,Romania,1987,TBC,,,,No trusted structured position source found,
Adrian Lungu,Romania,1991,TBC,,,,No trusted structured position source found,
Adrian Lungu,Romania,1995,TBC,,,,No trusted structured position source found,
Gheorghe Leonte,Romania,1987,TBC,,,,No trusted structured position source found,
Gheorghe Leonte,Romania,1991,TBC,,,,No trusted structured position source found,
Gheorghe Leonte,Romania,1995,TBC,,,,No trusted structured position source found,
Adrian Pllotschi,Romania,1987,TBC,,,,No trusted structured position source found,
Adrian Tinca,Romania,1987,TBC,,,,No trusted structured position source found,
Florea Opriș,Romania,1987,TBC,,,,No trusted structured position source found,
Florică Murariu,Romania,1987,TBC,,,,No trusted structured position source found,
Ion Bucan,Romania,1987,TBC,,,,No trusted structured position source found,
Liviu Hodorcă,Romania,1987,TBC,,,,No trusted structured position source found,
Marcel Toader,Romania,1987,TBC,,,,No trusted structured position source found,
Vasile David,Romania,1987,TBC,,,,No trusted structured position source found,
Vasile Pașcu,Romania,1987,TBC,,,,No trusted structured position source found,
Ștefan Tofan,Romania,1987,TBC,,,,No trusted structured position source found,
Ștefan Tofan,Romania,1991,TBC,,,,No trusted structured position source found,
Alex Nicholls,Zimbabwe,1987,TBC,,,,No trusted structured position source found,
Alex Nicholls,Zimbabwe,1991,TBC,,,,No trusted structured position source found,
Andre Buitendag,Zimbabwe,1987,TBC,,,,No trusted structured position source found,
Andy Tucker,Zimbabwe,1987,TBC,,,,No trusted structured position source found,
Campbell Graham,Zimbabwe,1987,TBC,,,,No trusted structured position source found,
Dirk Buitendag,Zimbabwe,1987,TBC,,,,No trusted structured position source found,
Eric Barrett,Zimbabwe,1987,TBC,,,,No trusted structured position source found,
Errol Bredenkamp,Zimbabwe,1987,TBC,,,,No trusted structured position source found,
George Elcombe,Zimbabwe,1987,TBC,,,,No trusted structured position source found,
Peter Kaulback,Zimbabwe,1987,TBC,,,,No trusted structured position source found,
Richard Tsimba,Zimbabwe,1987,TBC,,,,No trusted structured position source found,
Richard Tsimba,Zimbabwe,1991,TBC,,,,No trusted structured position source found,
Rod Gray,Zimbabwe,1987,TBC,,,,No trusted structured position source found,
Shawn Graham,Zimbabwe,1987,TBC,,,,No trusted structured position source found,
Graeme Bachop,New Zealand,1991,TBC,,,,No trusted structured position source found,
Graeme Bachop,New Zealand,1995,TBC,,,,No trusted structured position source found,
Paul Henderson,New Zealand,1991,TBC,,,,No trusted structured position source found,
Paul Henderson,New Zealand,1995,TBC,,,,No trusted structured position source found,
Walter Little,New Zealand,1991,TBC,,,,No trusted structured position source found,
Walter Little,New Zealand,1995,TBC,,,,No trusted structured position source found,
Craig Innes,New Zealand,1991,TBC,,,,No trusted structured position source found,
Graham Dowd,New Zealand,1991,TBC,,,,No trusted structured position source found,
Graham Purvis,New Zealand,1991,TBC,,,,No trusted structured position source found,
Jason Hewett,New Zealand,1991,TBC,,,,No trusted structured position source found,
Jon Preston,New Zealand,1991,TBC,,,,No trusted structured position source found,
Mark Carter,New Zealand,1991,TBC,,,,No trusted structured position source found,
Va'aiga Tuigamala,New Zealand,1991,TBC,,,,No trusted structured position source found,
Dan Crowley,Australia,1991,TBC,,,,No trusted structured position source found,
Dan Crowley,Australia,1995,TBC,,,,No trusted structured position source found,
Dan Crowley,Australia,1999,TBC,,,,No trusted structured position source found,
Jason Little,Australia,1991,TBC,,,,No trusted structured position source found,
Jason Little,Australia,1995,TBC,,,,No trusted structured position source found,
Jason Little,Australia,1999,TBC,,,,No trusted structured position source found,
Ewen McKenzie,Australia,1991,TBC,,,,No trusted structured position source found,
Ewen McKenzie,Australia,1995,TBC,,,,No trusted structured position source found,
Tony Daly,Australia,1991,TBC,,,,No trusted structured position source found,
Tony Daly,Australia,1995,TBC,,,,No trusted structured position source found,
Bob Egerton,Australia,1991,TBC,,,,No trusted structured position source found,
Brendon Nasser,Australia,1991,TBC,,,,No trusted structured position source found,
John Flett,Australia,1991,TBC,,,,No trusted structured position source found,
Richard Tombs,Australia,1991,TBC,,,,No trusted structured position source found,
Chris Oti,England,1991,TBC,,,,No trusted structured position source found,
Michael Skinner,England,1991,TBC,,,,No trusted structured position source found,
Nigel Heslop,England,1991,TBC,,,,No trusted structured position source found,
Simon Halliday,England,1991,TBC,,,,No trusted structured position source found,
Laurent Cabannes,France,1991,TBC,,,,No trusted structured position source found,
Laurent Cabannes,France,1995,TBC,,,,No trusted structured position source found,
Philippe Saint-André,France,1991,TBC,,,,No trusted structured position source found,
Philippe Saint-André,France,1995,TBC,,,,No trusted structured position source found,
Michel Courtiols,France,1991,TBC,,,,No trusted structured position source found,
Philippe Gimbert,France,1991,TBC,,,,No trusted structured position source found,
Thierry Devergie,France,1991,TBC,,,,No trusted structured position source found,
Gary Halpin,Ireland,1991,TBC,,,,No trusted structured position source found,
Gary Halpin,Ireland,1995,TBC,,,,No trusted structured position source found,
Nick Popplewell,Ireland,1991,TBC,,,,No trusted structured position source found,
Nick Popplewell,Ireland,1995,TBC,,,,No trusted structured position source found,
Simon Geoghegan,Ireland,1991,TBC,,,,No trusted structured position source found,
Simon Geoghegan,Ireland,1995,TBC,,,,No trusted structured position source found,
Brian Robinson,Ireland,1991,TBC,,,,No trusted structured position source found,
David Curtis,Ireland,1991,TBC,,,,No trusted structured position source found,
Gordon Hamilton,Ireland,1991,TBC,,,,No trusted structured position source found,
Jack Clarke,Ireland,1991,TBC,,,,No trusted structured position source found,
Pat O'Hara,Ireland,1991,TBC,,,,No trusted structured position source found,
Vince Cunningham,Ireland,1991,TBC,,,,No trusted structured position source found,
Scott Gibbs,Wales,1991,TBC,,,,No trusted structured position source found,
Scott Gibbs,Wales,1999,TBC,,,,No trusted structured position source found,
Mike Griffiths,Wales,1991,TBC,,,,No trusted structured position source found,
Mike Griffiths,Wales,1995,TBC,,,,No trusted structured position source found,
Mike Hall,Wales,1991,TBC,,,,No trusted structured position source found,
Mike Hall,Wales,1995,TBC,,,,No trusted structured position source found,
Steve Ford,Wales,1991,TBC,,,,No trusted structured position source found,
Steve Ford,Wales,1995,TBC,,,,No trusted structured position source found,
Arthur Emyr,Wales,1991,TBC,,,,No trusted structured position source found,
Hugh Williams-Jones,Wales,1991,TBC,,,,No trusted structured position source found,
Laurance Delaney,Wales,1991,TBC,,,,No trusted structured position source found,
Mark Davis,Wales,1991,TBC,,,,No trusted structured position source found,
Martyn Morris,Wales,1991,TBC,,,,No trusted structured position source found,
Paul Burnell,Scotland,1991,TBC,,,,No trusted structured position source found,
Paul Burnell,Scotland,1995,TBC,,,,No trusted structured position source found,
Paul Burnell,Scotland,1999,TBC,,,,No trusted structured position source found,
Graham Shiel,Scotland,1991,TBC,,,,No trusted structured position source found,
Graham Shiel,Scotland,1995,TBC,,,,No trusted structured position source found,
Tony Stanger,Scotland,1991,TBC,,,,No trusted structured position source found,
Tony Stanger,Scotland,1995,TBC,,,,No trusted structured position source found,
Alan Watt,Scotland,1991,TBC,,,,No trusted structured position source found,
David Milne,Scotland,1991,TBC,,,,No trusted structured position source found,
Graham Marshall,Scotland,1991,TBC,,,,No trusted structured position source found,
Sean Lineen,Scotland,1991,TBC,,,,No trusted structured position source found,
Martín Terán,Argentina,1991,TBC,,,,No trusted structured position source found,
Martín Terán,Argentina,1995,TBC,,,,No trusted structured position source found,
Eduardo Laborde,Argentina,1991,TBC,,,,No trusted structured position source found,
Francisco Irarrázaval,Argentina,1991,TBC,,,,No trusted structured position source found,
Gustavo Jorge,Argentina,1991,TBC,,,,No trusted structured position source found,
Hernán García Simón,Argentina,1991,TBC,,,,No trusted structured position source found,
Manuel Aguirre,Argentina,1991,TBC,,,,No trusted structured position source found,
Mario Carreras,Argentina,1991,TBC,,,,No trusted structured position source found,
Matías Allen,Argentina,1991,TBC,,,,No trusted structured position source found,
Pablo Garretón,Argentina,1991,TBC,,,,No trusted structured position source found,
Epeli Naituivau,Fiji,1991,TBC,,,,No trusted structured position source found,
Epeli Naituivau,Fiji,1999,TBC,,,,No trusted structured position source found,
Alifereti Dere,Fiji,1991,TBC,,,,No trusted structured position source found,
Fili Seru,Fiji,1991,TBC,,,,No trusted structured position source found,
Kalaveti Naisoro,Fiji,1991,TBC,,,,No trusted structured position source found,
Laisenia Kato,Fiji,1991,TBC,,,,No trusted structured position source found,
Max Olsson,Fiji,1991,TBC,,,,No trusted structured position source found,
Naibuka Vuli,Fiji,1991,TBC,,,,No trusted structured position source found,
Noa Nadruku,Fiji,1991,TBC,,,,No trusted structured position source found,
Pita Naruma,Fiji,1991,TBC,,,,No trusted structured position source found,
Savenaca Aria,Fiji,1991,TBC,,,,No trusted structured position source found,
Tevita Vonolagi,Fiji,1991,TBC,,,,No trusted structured position source found,
Tomasi Lovo,Fiji,1991,TBC,,,,No trusted structured position source found,
Yukio Motoki,Japan,1991,TBC,,,,No trusted structured position source found,
Yukio Motoki,Japan,1995,TBC,,,,No trusted structured position source found,
Yukio Motoki,Japan,1999,TBC,,,,No trusted structured position source found,
Yukio Motoki,Japan,2003,TBC,,,,No trusted structured position source found,
Terunori Masuho,Japan,1991,TBC,,,,No trusted structured position source found,
Terunori Masuho,Japan,1995,TBC,,,,No trusted structured position source found,
Terunori Masuho,Japan,1999,TBC,,,,No trusted structured position source found,
Hiroyuki Kajihara,Japan,1991,TBC,,,,No trusted structured position source found,
Hiroyuki Kajihara,Japan,1995,TBC,,,,No trusted structured position source found,
Kazuaki Takahashi,Japan,1991,TBC,,,,No trusted structured position source found,
Kazuaki Takahashi,Japan,1995,TBC,,,,No trusted structured position source found,
Masanori Takura,Japan,1991,TBC,,,,No trusted structured position source found,
Masanori Takura,Japan,1995,TBC,,,,No trusted structured position source found,
Osamu Ota,Japan,1991,TBC,,,,No trusted structured position source found,
Osamu Ota,Japan,1995,TBC,,,,No trusted structured position source found,
Yoshihito Yoshida,Japan,1991,TBC,,,,No trusted structured position source found,
Yoshihito Yoshida,Japan,1995,TBC,,,,No trusted structured position source found,
Hirofumi Ouchi,Japan,1991,TBC,,,,No trusted structured position source found,
Kenichi Kimura,Japan,1991,TBC,,,,No trusted structured position source found,
Shuji Nakashima,Japan,1991,TBC,,,,No trusted structured position source found,
Franco Properzi,Italy,1991,TBC,,,,No trusted structured position source found,
Franco Properzi,Italy,1995,TBC,,,,No trusted structured position source found,
Franco Properzi,Italy,1999,TBC,,,,No trusted structured position source found,
Massimo Giovanelli,Italy,1991,TBC,,,,No trusted structured position source found,
Massimo Giovanelli,Italy,1995,TBC,,,,No trusted structured position source found,
Massimo Giovanelli,Italy,1999,TBC,,,,No trusted structured position source found,
Paolo Vaccari,Italy,1991,TBC,,,,No trusted structured position source found,
Paolo Vaccari,Italy,1995,TBC,,,,No trusted structured position source found,
Paolo Vaccari,Italy,1999,TBC,,,,No trusted structured position source found,
Giovanni Grespan,Italy,1991,TBC,,,,No trusted structured position source found,
Giovanni Grespan,Italy,1995,TBC,,,,No trusted structured position source found,
Massimo Bonomi,Italy,1991,TBC,,,,No trusted structured position source found,
Massimo Bonomi,Italy,1995,TBC,,,,No trusted structured position source found,
Massimo Cuttitta,Italy,1991,TBC,,,,No trusted structured position source found,
Massimo Cuttitta,Italy,1995,TBC,,,,No trusted structured position source found,
Stefano Bordon,Italy,1991,TBC,,,,No trusted structured position source found,
Stefano Bordon,Italy,1995,TBC,,,,No trusted structured position source found,
Alessandro Bottacchiari,Italy,1991,TBC,,,,No trusted structured position source found,
Edgardo Venturi,Italy,1991,TBC,,,,No trusted structured position source found,
Brian Lima,Samoa,1991,TBC,,,,No trusted structured position source found,
Brian Lima,Samoa,1995,TBC,,,,No trusted structured position source found,
Brian Lima,Samoa,1999,TBC,,,,No trusted structured position source found,
Brian Lima,Samoa,2003,TBC,,,,No trusted structured position source found,
Brian Lima,Samoa,2007,TBC,,,,No trusted structured position source found,
Junior Paramore,Samoa,1991,TBC,,,,No trusted structured position source found,
Junior Paramore,Samoa,1995,TBC,,,,No trusted structured position source found,
Junior Paramore,Samoa,1999,TBC,,,,No trusted structured position source found,
To'o Vaega,Samoa,1991,TBC,,,,No trusted structured position source found,
To'o Vaega,Samoa,1995,TBC,,,,No trusted structured position source found,
To'o Vaega,Samoa,1999,TBC,,,,No trusted structured position source found,
Peter Fatialofa,Samoa,1991,TBC,,,,No trusted structured position source found,
Peter Fatialofa,Samoa,1995,TBC,,,,No trusted structured position source found,
Sila Vaifale,Samoa,1991,TBC,,,,No trusted structured position source found,
Sila Vaifale,Samoa,1995,TBC,,,,No trusted structured position source found,
Tupo Fa'amasino,Samoa,1991,TBC,,,,No trusted structured position source found,
Tupo Fa'amasino,Samoa,1995,TBC,,,,No trusted structured position source found,
Apollo Perelini,Samoa,1991,TBC,,,,No trusted structured position source found,
Danny Kaleopa,Samoa,1991,TBC,,,,No trusted structured position source found,
David Sio,Samoa,1991,TBC,,,,No trusted structured position source found,
Frank Bunce,Samoa,1991,TBC,,,,No trusted structured position source found,
Freddie Tuilagi,Samoa,1991,TBC,,,,No trusted structured position source found,
Palamia Lilomaiava,Samoa,1991,TBC,,,,No trusted structured position source found,
Timo Tagaloa,Samoa,1991,TBC,,,,No trusted structured position source found,
Vili Alaalatoa,Samoa,1991,TBC,,,,No trusted structured position source found,
Mark Williams,USA,1991,TBC,,,,No trusted structured position source found,
Mark Williams,USA,1999,TBC,,,,No trusted structured position source found,
Christopher Lippert,USA,1991,TBC,,,,No trusted structured position source found,
Eric Whitaker,USA,1991,TBC,,,,No trusted structured position source found,
Jay Wilkerson,USA,1991,TBC,,,,No trusted structured position source found,
Joe Burke,USA,1991,TBC,,,,No trusted structured position source found,
Lance Manga,USA,1991,TBC,,,,No trusted structured position source found,
Mark Sawicki,USA,1991,TBC,,,,No trusted structured position source found,
Norm Mottram,USA,1991,TBC,,,,No trusted structured position source found,
Rob Farley,USA,1991,TBC,,,,No trusted structured position source found,
Shawn Lipman,USA,1991,TBC,,,,No trusted structured position source found,
Dave Lougheed,Canada,1991,TBC,,,,No trusted structured position source found,
Dave Lougheed,Canada,2003,TBC,,,,No trusted structured position source found,
Christian Stewart,Canada,1991,TBC,,,,No trusted structured position source found,
Christian Stewart,Canada,1995,TBC,,,,No trusted structured position source found,
Gord MacKinnon,Canada,1991,TBC,,,,No trusted structured position source found,
Gord MacKinnon,Canada,1995,TBC,,,,No trusted structured position source found,
Dan Jackart,Canada,1991,TBC,,,,No trusted structured position source found,
Gary Dukelow,Canada,1991,TBC,,,,No trusted structured position source found,
Paul Szabo,Canada,1991,TBC,,,,No trusted structured position source found,
Constantin Stan,Romania,1991,TBC,,,,No trusted structured position source found,
Constantin Stan,Romania,1999,TBC,,,,No trusted structured position source found,
Andrei Gurănescu,Romania,1991,TBC,,,,No trusted structured position source found,
Andrei Gurănescu,Romania,1995,TBC,,,,No trusted structured position source found,
Gabriel Vlad,Romania,1991,TBC,,,,No trusted structured position source found,
Gabriel Vlad,Romania,1995,TBC,,,,No trusted structured position source found,
Lucian Colceriu,Romania,1991,TBC,,,,No trusted structured position source found,
Lucian Colceriu,Romania,1995,TBC,,,,No trusted structured position source found,
Nicolae Răcean,Romania,1991,TBC,,,,No trusted structured position source found,
Nicolae Răcean,Romania,1995,TBC,,,,No trusted structured position source found,
Cătălin Sasu,Romania,1991,TBC,,,,No trusted structured position source found,
George Sava,Romania,1991,TBC,,,,No trusted structured position source found,
Gheorghe Corneliu,Romania,1991,TBC,,,,No trusted structured position source found,
Gheorghe Dinu,Romania,1991,TBC,,,,No trusted structured position source found,
Ioan Doja,Romania,1991,TBC,,,,No trusted structured position source found,
Nicolae Fulina,Romania,1991,TBC,,,,No trusted structured position source found,
Viorel Ionescu,Romania,1991,TBC,,,,No trusted structured position source found,
Brendon Dawson,Zimbabwe,1991,TBC,,,,No trusted structured position source found,
Chris Roberts,Zimbabwe,1991,TBC,,,,No trusted structured position source found,
Darren Muirhead,Zimbabwe,1991,TBC,,,,No trusted structured position source found,
Dave Walters,Zimbabwe,1991,TBC,,,,No trusted structured position source found,
Elimon Chimbima,Zimbabwe,1991,TBC,,,,No trusted structured position source found,
Gary Snyder,Zimbabwe,1991,TBC,,,,No trusted structured position source found,
Ian Noble,Zimbabwe,1991,TBC,,,,No trusted structured position source found,
Mark Letcher,Zimbabwe,1991,TBC,,,,No trusted structured position source found,
Robin Hunter,Zimbabwe,1991,TBC,,,,No trusted structured position source found,
William Schultz,Zimbabwe,1991,TBC,,,,No trusted structured position source found,
Alama Ieremia,New Zealand,1995,TBC,,,,No trusted structured position source found,
Alama Ieremia,New Zealand,1999,TBC,,,,No trusted structured position source found,
Andrew Mehrtens,New Zealand,1995,TBC,,,,No trusted structured position source found,
Andrew Mehrtens,New Zealand,1999,TBC,,,,No trusted structured position source found,
Craig Dowd,New Zealand,1995,TBC,,,,No trusted structured position source found,
Craig Dowd,New Zealand,1999,TBC,,,,No trusted structured position source found,
Jeff Wilson,New Zealand,1995,TBC,,,,No trusted structured position source found,
Jeff Wilson,New Zealand,1999,TBC,,,,No trusted structured position source found,
Jonah Lomu,New Zealand,1995,TBC,,,,No trusted structured position source found,
Jonah Lomu,New Zealand,1999,TBC,,,,No trusted structured position source found,
Josh Kronfeld,New Zealand,1995,TBC,,,,No trusted structured position source found,
Josh Kronfeld,New Zealand,1999,TBC,,,,No trusted structured position source found,
Ant Strachan,New Zealand,1995,TBC,,,,No trusted structured position source found,
Eric Rush,New Zealand,1995,TBC,,,,No trusted structured position source found,
Frank Bunce,New Zealand,1995,TBC,,,,No trusted structured position source found,
Jamie Joseph,New Zealand,1995,TBC,,,,No trusted structured position source found,
Kevin Schuler,New Zealand,1995,TBC,,,,No trusted structured position source found,
Marc Ellis,New Zealand,1995,TBC,,,,No trusted structured position source found,
Mike Brewer,New Zealand,1995,TBC,,,,No trusted structured position source found,
Olo Brown,New Zealand,1995,TBC,,,,No trusted structured position source found,
Simon Culhane,New Zealand,1995,TBC,,,,No trusted structured position source found,
Brendan Venter,South Africa,1995,TBC,,,,No trusted structured position source found,
Brendan Venter,South Africa,1999,TBC,,,,No trusted structured position source found,
Ruben Kruger,South Africa,1995,TBC,,,,No trusted structured position source found,
Ruben Kruger,South Africa,1999,TBC,,,,No trusted structured position source found,
Balie Swart,South Africa,1995,TBC,,,,No trusted structured position source found,
Chester Williams,South Africa,1995,TBC,,,,No trusted structured position source found,
Christiaan Scholtz,South Africa,1995,TBC,,,,No trusted structured position source found,
Francois Pienaar,South Africa,1995,TBC,,,,No trusted structured position source found,
Garry Pagel,South Africa,1995,TBC,,,,No trusted structured position source found,
Hennie le Roux,South Africa,1995,TBC,,,,No trusted structured position source found,
James Small,South Africa,1995,TBC,,,,No trusted structured position source found,
Japie Mulder,South Africa,1995,TBC,,,,No trusted structured position source found,
Marius Hurter,South Africa,1995,TBC,,,,No trusted structured position source found,
Pieter Hendriks,South Africa,1995,TBC,,,,No trusted structured position source found,
Robby Brink,South Africa,1995,TBC,,,,No trusted structured position source found,
Daniel Herbert,Australia,1995,TBC,,,,No trusted structured position source found,
Daniel Herbert,Australia,1999,TBC,,,,No trusted structured position source found,
David Wilson,Australia,1995,TBC,,,,No trusted structured position source found,
David Wilson,Australia,1999,TBC,,,,No trusted structured position source found,
Damian Smith,Australia,1995,TBC,,,,No trusted structured position source found,
Daniel Manu,Australia,1995,TBC,,,,No trusted structured position source found,
Ilivasi Tabua,Australia,1995,TBC,,,,No trusted structured position source found,
Neil Back,England,1995,TBC,,,,No trusted structured position source found,
Neil Back,England,1999,TBC,,,,No trusted structured position source found,
Neil Back,England,2003,TBC,,,,No trusted structured position source found,
Graham Rowntree,England,1995,TBC,,,,No trusted structured position source found,
Graham Rowntree,England,1999,TBC,,,,No trusted structured position source found,
Phil de Glanville,England,1995,TBC,,,,No trusted structured position source found,
Phil de Glanville,England,1999,TBC,,,,No trusted structured position source found,
Tim Rodber,England,1995,TBC,,,,No trusted structured position source found,
Tim Rodber,England,1999,TBC,,,,No trusted structured position source found,
Victor Ubogu,England,1995,TBC,,,,No trusted structured position source found,
Victor Ubogu,England,1999,TBC,,,,No trusted structured position source found,
Damian Hopley,England,1995,TBC,,,,No trusted structured position source found,
Ian Hunter,England,1995,TBC,,,,No trusted structured position source found,
John Mallett,England,1995,TBC,,,,No trusted structured position source found,
Steve Ojomoh,England,1995,TBC,,,,No trusted structured position source found,
Tony Underwood,England,1995,TBC,,,,No trusted structured position source found,
Arnaud Costes,France,1995,TBC,,,,No trusted structured position source found,
Arnaud Costes,France,1999,TBC,,,,No trusted structured position source found,
Christian Califano,France,1995,TBC,,,,No trusted structured position source found,
Christian Califano,France,1999,TBC,,,,No trusted structured position source found,
Émile Ntamack,France,1995,TBC,,,,No trusted structured position source found,
Émile Ntamack,France,1999,TBC,,,,No trusted structured position source found,
Laurent Benezech,France,1995,TBC,,,,No trusted structured position source found,
Philippe Benetton,France,1995,TBC,,,,No trusted structured position source found,
Philippe Gallart,France,1995,TBC,,,,No trusted structured position source found,
Sébastien Viars,France,1995,TBC,,,,No trusted structured position source found,
William Téchoueyres,France,1995,TBC,,,,No trusted structured position source found,
David Corkery,Ireland,1995,TBC,,,,No trusted structured position source found,
David Corkery,Ireland,1999,TBC,,,,No trusted structured position source found,
Jonny Bell,Ireland,1995,TBC,,,,No trusted structured position source found,
Jonny Bell,Ireland,1999,TBC,,,,No trusted structured position source found,
Paul Wallace,Ireland,1995,TBC,,,,No trusted structured position source found,
Paul Wallace,Ireland,1999,TBC,,,,No trusted structured position source found,
Darragh O'Mahony,Ireland,1995,TBC,,,,No trusted structured position source found,
Denis McBride,Ireland,1995,TBC,,,,No trusted structured position source found,
Eddie Halvey,Ireland,1995,TBC,,,,No trusted structured position source found,
John Fitzgerald,Ireland,1995,TBC,,,,No trusted structured position source found,
Maurice Field,Ireland,1995,TBC,,,,No trusted structured position source found,
Richard Wallace,Ireland,1995,TBC,,,,No trusted structured position source found,
Hemi Taylor,Wales,1995,TBC,,,,No trusted structured position source found,
John Davies,Wales,1995,TBC,,,,No trusted structured position source found,
Mark Bennett,Wales,1995,TBC,,,,No trusted structured position source found,
Ricky Evans,Wales,1995,TBC,,,,No trusted structured position source found,
Spencer John,Wales,1995,TBC,,,,No trusted structured position source found,
Wayne Proctor,Wales,1995,TBC,,,,No trusted structured position source found,
Kenny Logan,Scotland,1995,TBC,,,,No trusted structured position source found,
Kenny Logan,Scotland,1999,TBC,,,,No trusted structured position source found,
Kenny Logan,Scotland,2003,TBC,,,,No trusted structured position source found,
Dave Hilton,Scotland,1995,TBC,,,,No trusted structured position source found,
Dave Hilton,Scotland,1999,TBC,,,,No trusted structured position source found,
Peter Walton,Scotland,1995,TBC,,,,No trusted structured position source found,
Peter Walton,Scotland,1999,TBC,,,,No trusted structured position source found,
Craig Joiner,Scotland,1995,TBC,,,,No trusted structured position source found,
Ian Jardine,Scotland,1995,TBC,,,,No trusted structured position source found,
Ian Morrison,Scotland,1995,TBC,,,,No trusted structured position source found,
Ian Smith,Scotland,1995,TBC,,,,No trusted structured position source found,
John Manson,Scotland,1995,TBC,,,,No trusted structured position source found,
Peter Wright,Scotland,1995,TBC,,,,No trusted structured position source found,
Rob Wainwright,Scotland,1995,TBC,,,,No trusted structured position source found,
Diego Albanese,Argentina,1995,TBC,,,,No trusted structured position source found,
Diego Albanese,Argentina,1999,TBC,,,,No trusted structured position source found,
Diego Albanese,Argentina,2003,TBC,,,,No trusted structured position source found,
Roberto Diego Grau,Argentina,1995,TBC,,,,No trusted structured position source found,
Roberto Diego Grau,Argentina,1999,TBC,,,,No trusted structured position source found,
Roberto Diego Grau,Argentina,2003,TBC,,,,No trusted structured position source found,
Rolando Martín,Argentina,1995,TBC,,,,No trusted structured position source found,
Rolando Martín,Argentina,1999,TBC,,,,No trusted structured position source found,
Rolando Martín,Argentina,2003,TBC,,,,No trusted structured position source found,
Agustín Macome,Argentina,1995,TBC,,,,No trusted structured position source found,
Cristián Viel,Argentina,1995,TBC,,,,No trusted structured position source found,
Fernando del Castillo,Argentina,1995,TBC,,,,No trusted structured position source found,
Francisco García,Argentina,1995,TBC,,,,No trusted structured position source found,
Marcelo Urbano,Argentina,1995,TBC,,,,No trusted structured position source found,
Martín Sugasti,Argentina,1995,TBC,,,,No trusted structured position source found,
Matias Corral,Argentina,1995,TBC,,,,No trusted structured position source found,
Patricio Noriega,Argentina,1995,TBC,,,,No trusted structured position source found,
Akira Yoshida,Japan,1995,TBC,,,,No trusted structured position source found,
Akira Yoshida,Japan,1999,TBC,,,,No trusted structured position source found,
Kazu Hamabe,Japan,1995,TBC,,,,No trusted structured position source found,
Ko Izawa,Japan,1995,TBC,,,,No trusted structured position source found,
Lopeti Oto,Japan,1995,TBC,,,,No trusted structured position source found,
Tomoya Haneda,Japan,1995,TBC,,,,No trusted structured position source found,
Andrea Castellani,Italy,1995,TBC,,,,No trusted structured position source found,
Andrea Castellani,Italy,1999,TBC,,,,No trusted structured position source found,
Orazio Arancio,Italy,1995,TBC,,,,No trusted structured position source found,
Orazio Arancio,Italy,1999,TBC,,,,No trusted structured position source found,
Andrea Sgorlon,Italy,1995,TBC,,,,No trusted structured position source found,
Marco Platania,Italy,1995,TBC,,,,No trusted structured position source found,
Mario Gerosa,Italy,1995,TBC,,,,No trusted structured position source found,
Massimiliano Capuzzoni,Italy,1995,TBC,,,,No trusted structured position source found,
Massimo Ravazzolo,Italy,1995,TBC,,,,No trusted structured position source found,
Mauro Dal Sie,Italy,1995,TBC,,,,No trusted structured position source found,
Brendan Reidy,Samoa,1995,TBC,,,,No trusted structured position source found,
Brendan Reidy,Samoa,1999,TBC,,,,No trusted structured position source found,
George Leaupepe,Samoa,1995,TBC,,,,No trusted structured position source found,
George Leaupepe,Samoa,1999,TBC,,,,No trusted structured position source found,
Michael Mika,Samoa,1995,TBC,,,,No trusted structured position source found,
Michael Mika,Samoa,1999,TBC,,,,No trusted structured position source found,
Fata Sini,Samoa,1995,TBC,,,,No trusted structured position source found,
Fereti Tuilagi,Samoa,1995,TBC,,,,No trusted structured position source found,
George Harder,Samoa,1995,TBC,,,,No trusted structured position source found,
George Latu,Samoa,1995,TBC,,,,No trusted structured position source found,
Malaki Iupeli,Samoa,1995,TBC,,,,No trusted structured position source found,
Sam Kaleta,Samoa,1995,TBC,,,,No trusted structured position source found,
Shem Tatupu,Samoa,1995,TBC,,,,No trusted structured position source found,
Ipolito Fenukitau,Tonga,1995,TBC,,,,No trusted structured position source found,
Ipolito Fenukitau,Tonga,2003,TBC,,,,No trusted structured position source found,
Alasika Taufa,Tonga,1995,TBC,,,,No trusted structured position source found,
David Manako,Tonga,1995,TBC,,,,No trusted structured position source found,
Etuini Talakai,Tonga,1995,TBC,,,,No trusted structured position source found,
Feleti Fakaongo,Tonga,1995,TBC,,,,No trusted structured position source found,
Feleti Mahoni,Tonga,1995,TBC,,,,No trusted structured position source found,
Penieli Latu,Tonga,1995,TBC,,,,No trusted structured position source found,
Saili Feʻao,Tonga,1995,TBC,,,,No trusted structured position source found,
Simana Mafileo,Tonga,1995,TBC,,,,No trusted structured position source found,
Takau Lutua,Tonga,1995,TBC,,,,No trusted structured position source found,
Tevita Vaʻenuku,Tonga,1995,TBC,,,,No trusted structured position source found,
Tuʻakalau Fukofuka,Tonga,1995,TBC,,,,No trusted structured position source found,
Unuoi Vaʻenuku,Tonga,1995,TBC,,,,No trusted structured position source found,
Rod Snow,Canada,1995,TBC,,,,No trusted structured position source found,
Rod Snow,Canada,1999,TBC,,,,No trusted structured position source found,
Rod Snow,Canada,2003,TBC,,,,No trusted structured position source found,
Rod Snow,Canada,2007,TBC,,,,No trusted structured position source found,
Winston Stanley,Canada,1995,TBC,,,,No trusted structured position source found,
Winston Stanley,Canada,1999,TBC,,,,No trusted structured position source found,
Winston Stanley,Canada,2003,TBC,,,,No trusted structured position source found,
David Lougheed,Canada,1995,TBC,,,,No trusted structured position source found,
David Lougheed,Canada,1999,TBC,,,,No trusted structured position source found,
John Hutchinson,Canada,1995,TBC,,,,No trusted structured position source found,
John Hutchinson,Canada,1999,TBC,,,,No trusted structured position source found,
Richard Bice,Canada,1995,TBC,,,,No trusted structured position source found,
Richard Bice,Canada,1999,TBC,,,,No trusted structured position source found,
Ian Gordon,Canada,1995,TBC,,,,No trusted structured position source found,
Paul LeBlanc,Canada,1995,TBC,,,,No trusted structured position source found,
Ron Toews,Canada,1995,TBC,,,,No trusted structured position source found,
Shawn Lytton,Canada,1995,TBC,,,,No trusted structured position source found,
Romeo Gontineac,Romania,1995,TBC,,,,No trusted structured position source found,
Romeo Gontineac,Romania,1999,TBC,,,,No trusted structured position source found,
Romeo Gontineac,Romania,2003,TBC,,,,No trusted structured position source found,
Romeo Gontineac,Romania,2007,TBC,,,,No trusted structured position source found,
Cătălin Drăguceanu,Romania,1995,TBC,,,,No trusted structured position source found,
Cătălin Drăguceanu,Romania,1999,TBC,,,,No trusted structured position source found,
Gheorghe Solomie,Romania,1995,TBC,,,,No trusted structured position source found,
Gheorghe Solomie,Romania,1999,TBC,,,,No trusted structured position source found,
Radu Fugigi,Romania,1995,TBC,,,,No trusted structured position source found,
Radu Fugigi,Romania,1999,TBC,,,,No trusted structured position source found,
Alexandru Gealapu,Romania,1995,TBC,,,,No trusted structured position source found,
Ionel Rotaru,Romania,1995,TBC,,,,No trusted structured position source found,
Leodor Costea,Romania,1995,TBC,,,,No trusted structured position source found,
Traian Oroian,Romania,1995,TBC,,,,No trusted structured position source found,
Vasile Lucaci,Romania,1995,TBC,,,,No trusted structured position source found,
Aboubacar Soulama,Ivory Coast,1995,TBC,,,,No trusted structured position source found,
Alfred Okou,Ivory Coast,1995,TBC,,,,No trusted structured position source found,
Célestin N'Gbala,Ivory Coast,1995,TBC,,,,No trusted structured position source found,
Daniel Quansah,Ivory Coast,1995,TBC,,,,No trusted structured position source found,
Ernest Bley,Ivory Coast,1995,TBC,,,,No trusted structured position source found,
Ismaila Lassissi,Ivory Coast,1995,TBC,,,,No trusted structured position source found,
Jean-Baptiste Sathiq,Ivory Coast,1995,TBC,,,,No trusted structured position source found,
Jean-Pascal Ezoua,Ivory Coast,1995,TBC,,,,No trusted structured position source found,
Lucien Niakou,Ivory Coast,1995,TBC,,,,No trusted structured position source found,
Max Brito,Ivory Coast,1995,TBC,,,,No trusted structured position source found,
Patrice Pere,Ivory Coast,1995,TBC,,,,No trusted structured position source found,
Paulin Bouazo,Ivory Coast,1995,TBC,,,,No trusted structured position source found,
Thierry Kouame,Ivory Coast,1995,TBC,,,,No trusted structured position source found,
Toussaint Djehi,Ivory Coast,1995,TBC,,,,No trusted structured position source found,
Reuben Thorne,New Zealand,1999,TBC,,,,No trusted structured position source found,
Reuben Thorne,New Zealand,2003,TBC,,,,No trusted structured position source found,
Reuben Thorne,New Zealand,2007,TBC,,,,No trusted structured position source found,
Carl Hoeft,New Zealand,1999,TBC,,,,No trusted structured position source found,
Carl Hoeft,New Zealand,2003,TBC,,,,No trusted structured position source found,
Kees Meeuws,New Zealand,1999,TBC,,,,No trusted structured position source found,
Kees Meeuws,New Zealand,2003,TBC,,,,No trusted structured position source found,
Tana Umaga,New Zealand,1999,TBC,,,,No trusted structured position source found,
Tana Umaga,New Zealand,2003,TBC,,,,No trusted structured position source found,
Andrew Blowers,New Zealand,1999,TBC,,,,No trusted structured position source found,
Christian Cullen,New Zealand,1999,TBC,,,,No trusted structured position source found,
Daryl Gibson,New Zealand,1999,TBC,,,,No trusted structured position source found,
Dylan Mika,New Zealand,1999,TBC,,,,No trusted structured position source found,
Greg Feek,New Zealand,1999,TBC,,,,No trusted structured position source found,
Pita Alatini,New Zealand,1999,TBC,,,,No trusted structured position source found,
Rhys Duggan,New Zealand,1999,TBC,,,,No trusted structured position source found,
Scott Robertson,New Zealand,1999,TBC,,,,No trusted structured position source found,
Tony Brown,New Zealand,1999,TBC,,,,No trusted structured position source found,
Wayne Julies,South Africa,1999,TBC,,,,No trusted structured position source found,
Wayne Julies,South Africa,2007,TBC,,,,No trusted structured position source found,
Breyton Paulse,South Africa,1999,TBC,,,,No trusted structured position source found,
Breyton Paulse,South Africa,2003,TBC,,,,No trusted structured position source found,
Adrian Garvey,South Africa,1999,TBC,,,,No trusted structured position source found,
André Venter,South Africa,1999,TBC,,,,No trusted structured position source found,
André Vos,South Africa,1999,TBC,,,,No trusted structured position source found,
Cobus Visagie,South Africa,1999,TBC,,,,No trusted structured position source found,
Deon Kayser,South Africa,1999,TBC,,,,No trusted structured position source found,
Kaya Malotana,South Africa,1999,TBC,,,,No trusted structured position source found,
Ollie le Roux,South Africa,1999,TBC,,,,No trusted structured position source found,
Pieter Muller,South Africa,1999,TBC,,,,No trusted structured position source found,
Pieter Rossouw,South Africa,1999,TBC,,,,No trusted structured position source found,
Rassie Erasmus,South Africa,1999,TBC,,,,No trusted structured position source found,
Robbie Fleck,South Africa,1999,TBC,,,,No trusted structured position source found,
Scott Staniforth,Australia,1999,TBC,,,,No trusted structured position source found,
Scott Staniforth,Australia,2007,TBC,,,,No trusted structured position source found,
Matt Cockbain,Australia,1999,TBC,,,,No trusted structured position source found,
Matt Cockbain,Australia,2003,TBC,,,,No trusted structured position source found,
Nathan Grey,Australia,1999,TBC,,,,No trusted structured position source found,
Nathan Grey,Australia,2003,TBC,,,,No trusted structured position source found,
Andrew Blades,Australia,1999,TBC,,,,No trusted structured position source found,
Ben Tune,Australia,1999,TBC,,,,No trusted structured position source found,
Brett Robinson,Australia,1999,TBC,,,,No trusted structured position source found,
Jim Williams,Australia,1999,TBC,,,,No trusted structured position source found,
Mark Connors,Australia,1999,TBC,,,,No trusted structured position source found,
Richard Harry,Australia,1999,TBC,,,,No trusted structured position source found,
Rod Moore,Australia,1999,TBC,,,,No trusted structured position source found,
Dan Luger,England,1999,TBC,,,,No trusted structured position source found,
Dan Luger,England,2003,TBC,,,,No trusted structured position source found,
Austin Healey,England,1999,TBC,,,,No trusted structured position source found,
Darren Garforth,England,1999,TBC,,,,No trusted structured position source found,
David Rees,England,1999,TBC,,,,No trusted structured position source found,
Leon Lloyd,England,1999,TBC,,,,No trusted structured position source found,
Pieter de Villiers,France,1999,TBC,,,,No trusted structured position source found,
Pieter de Villiers,France,2007,TBC,,,,No trusted structured position source found,
Olivier Magne,France,1999,TBC,,,,No trusted structured position source found,
Olivier Magne,France,2003,TBC,,,,No trusted structured position source found,
Cédric Desbrosse,France,1999,TBC,,,,No trusted structured position source found,
Cédric Soulette,France,1999,TBC,,,,No trusted structured position source found,
Franck Tournaire,France,1999,TBC,,,,No trusted structured position source found,
Jimmy Marlu,France,1999,TBC,,,,No trusted structured position source found,
Lionel Mallier,France,1999,TBC,,,,No trusted structured position source found,
Marc Lièvremont,France,1999,TBC,,,,No trusted structured position source found,
Philippe Bernat-Salles,France,1999,TBC,,,,No trusted structured position source found,
Richard Dourthe,France,1999,TBC,,,,No trusted structured position source found,
Stéphane Glas,France,1999,TBC,,,,No trusted structured position source found,
Kevin Maggs,Ireland,1999,TBC,,,,No trusted structured position source found,
Kevin Maggs,Ireland,2003,TBC,,,,No trusted structured position source found,
Reggie Corrigan,Ireland,1999,TBC,,,,No trusted structured position source found,
Reggie Corrigan,Ireland,2003,TBC,,,,No trusted structured position source found,
Andy Ward,Ireland,1999,TBC,,,,No trusted structured position source found,
Angus McKeen,Ireland,1999,TBC,,,,No trusted structured position source found,
James Topping,Ireland,1999,TBC,,,,No trusted structured position source found,
Justin Bishop,Ireland,1999,TBC,,,,No trusted structured position source found,
Justin Fitzpatrick,Ireland,1999,TBC,,,,No trusted structured position source found,
Kieron Dawson,Ireland,1999,TBC,,,,No trusted structured position source found,
Matt Mostyn,Ireland,1999,TBC,,,,No trusted structured position source found,
Mike Mullins,Ireland,1999,TBC,,,,No trusted structured position source found,
Peter Clohessy,Ireland,1999,TBC,,,,No trusted structured position source found,
Trevor Brennan,Ireland,1999,TBC,,,,No trusted structured position source found,
Colin Charvis,Wales,1999,TBC,,,,No trusted structured position source found,
Colin Charvis,Wales,2003,TBC,,,,No trusted structured position source found,
Colin Charvis,Wales,2007,TBC,,,,No trusted structured position source found,
Dafydd James,Wales,1999,TBC,,,,No trusted structured position source found,
Dafydd James,Wales,2007,TBC,,,,No trusted structured position source found,
Martyn Williams,Wales,1999,TBC,,,,No trusted structured position source found,
Martyn Williams,Wales,2003,TBC,,,,No trusted structured position source found,
Martyn Williams,Wales,2007,TBC,,,,No trusted structured position source found,
Mark Taylor,Wales,1999,TBC,,,,No trusted structured position source found,
Mark Taylor,Wales,2003,TBC,,,,No trusted structured position source found,
Allan Bateman,Wales,1999,TBC,,,,No trusted structured position source found,
Andrew Lewis,Wales,1999,TBC,,,,No trusted structured position source found,
Ben Evans,Wales,1999,TBC,,,,No trusted structured position source found,
Brett Sinkinson,Wales,1999,TBC,,,,No trusted structured position source found,
Geraint Lewis,Wales,1999,TBC,,,,No trusted structured position source found,
Jason Jones-Hughes,Wales,1999,TBC,,,,No trusted structured position source found,
Leigh Davies,Wales,1999,TBC,,,,No trusted structured position source found,
Nick Walne,Wales,1999,TBC,,,,No trusted structured position source found,
Peter Rogers,Wales,1999,TBC,,,,No trusted structured position source found,
Cameron Mather,Scotland,1999,TBC,,,,No trusted structured position source found,
Cameron Mather,Scotland,2003,TBC,,,,No trusted structured position source found,
James McLaren,Scotland,1999,TBC,,,,No trusted structured position source found,
James McLaren,Scotland,2003,TBC,,,,No trusted structured position source found,
Martin Leslie,Scotland,1999,TBC,,,,No trusted structured position source found,
Martin Leslie,Scotland,2003,TBC,,,,No trusted structured position source found,
Tom Smith,Scotland,1999,TBC,,,,No trusted structured position source found,
Tom Smith,Scotland,2003,TBC,,,,No trusted structured position source found,
Budge Pountney,Scotland,1999,TBC,,,,No trusted structured position source found,
Cameron Murray,Scotland,1999,TBC,,,,No trusted structured position source found,
George Graham,Scotland,1999,TBC,,,,No trusted structured position source found,
Jamie Mayer,Scotland,1999,TBC,,,,No trusted structured position source found,
John Leslie,Scotland,1999,TBC,,,,No trusted structured position source found,
Shaun Longstaff,Scotland,1999,TBC,,,,No trusted structured position source found,
Stuart Reid,Scotland,1999,TBC,,,,No trusted structured position source found,
Martín Scelzo,Argentina,1999,TBC,,,,No trusted structured position source found,
Martín Scelzo,Argentina,2003,TBC,,,,No trusted structured position source found,
Martín Scelzo,Argentina,2007,TBC,,,,No trusted structured position source found,
Martín Scelzo,Argentina,2011,TBC,,,,No trusted structured position source found,
Lucas Ostiglia,Argentina,1999,TBC,,,,No trusted structured position source found,
Lucas Ostiglia,Argentina,2003,TBC,,,,No trusted structured position source found,
Lucas Ostiglia,Argentina,2007,TBC,,,,No trusted structured position source found,
Omar Hasan,Argentina,1999,TBC,,,,No trusted structured position source found,
Omar Hasan,Argentina,2003,TBC,,,,No trusted structured position source found,
Omar Hasan,Argentina,2007,TBC,,,,No trusted structured position source found,
José Orengo,Argentina,1999,TBC,,,,No trusted structured position source found,
José Orengo,Argentina,2003,TBC,,,,No trusted structured position source found,
Juan Fernández Miranda,Argentina,1999,TBC,,,,No trusted structured position source found,
Juan Fernández Miranda,Argentina,2003,TBC,,,,No trusted structured position source found,
Mauricio Reggiardo,Argentina,1999,TBC,,,,No trusted structured position source found,
Mauricio Reggiardo,Argentina,2003,TBC,,,,No trusted structured position source found,
Santiago Phelan,Argentina,1999,TBC,,,,No trusted structured position source found,
Santiago Phelan,Argentina,2003,TBC,,,,No trusted structured position source found,
Eduardo Simone,Argentina,1999,TBC,,,,No trusted structured position source found,
Fernando Díaz Alberdi,Argentina,1999,TBC,,,,No trusted structured position source found,
Octavio Bartolucci,Argentina,1999,TBC,,,,No trusted structured position source found,
Raúl Pérez,Argentina,1999,TBC,,,,No trusted structured position source found,
Joeli Veitayaki,Fiji,1999,TBC,,,,No trusted structured position source found,
Joeli Veitayaki,Fiji,2003,TBC,,,,No trusted structured position source found,
Koli Sewabu,Fiji,1999,TBC,,,,No trusted structured position source found,
Koli Sewabu,Fiji,2003,TBC,,,,No trusted structured position source found,
Marika Vunibaka,Fiji,1999,TBC,,,,No trusted structured position source found,
Marika Vunibaka,Fiji,2003,TBC,,,,No trusted structured position source found,
Daniel Rouse,Fiji,1999,TBC,,,,No trusted structured position source found,
Fero Lasagavibau,Fiji,1999,TBC,,,,No trusted structured position source found,
Ilivasi Tabua,Fiji,1999,TBC,,,,No trusted structured position source found,
Imanueli Tiko,Fiji,1999,TBC,,,,No trusted structured position source found,
Lawrence Little,Fiji,1999,TBC,,,,No trusted structured position source found,
Manasa Bari,Fiji,1999,TBC,,,,No trusted structured position source found,
Meli Nakauta,Fiji,1999,TBC,,,,No trusted structured position source found,
Niko Qoro,Fiji,1999,TBC,,,,No trusted structured position source found,
Tabai Matson,Fiji,1999,TBC,,,,No trusted structured position source found,
Viliame Satala,Fiji,1999,TBC,,,,No trusted structured position source found,
Waisake Sotutu,Fiji,1999,TBC,,,,No trusted structured position source found,
Daisuke Ohata,Japan,1999,TBC,,,,No trusted structured position source found,
Daisuke Ohata,Japan,2003,TBC,,,,No trusted structured position source found,
Shin Hasegawa,Japan,1999,TBC,,,,No trusted structured position source found,
Shin Hasegawa,Japan,2003,TBC,,,,No trusted structured position source found,
Andrew McCormick,Japan,1999,TBC,,,,No trusted structured position source found,
Atsushi Koga,Japan,1999,TBC,,,,No trusted structured position source found,
Greg Smith,Japan,1999,TBC,,,,No trusted structured position source found,
Jamie Joseph,Japan,1999,TBC,,,,No trusted structured position source found,
Kohei Oguchi,Japan,1999,TBC,,,,No trusted structured position source found,
Naoto Nakamura,Japan,1999,TBC,,,,No trusted structured position source found,
Patiliai Tuidraki,Japan,1999,TBC,,,,No trusted structured position source found,
Ryohei Miki,Japan,1999,TBC,,,,No trusted structured position source found,
Ryuji Ishii,Japan,1999,TBC,,,,No trusted structured position source found,
Mauro Bergamasco,Italy,1999,TBC,,,,No trusted structured position source found,
Mauro Bergamasco,Italy,2003,TBC,,,,No trusted structured position source found,
Mauro Bergamasco,Italy,2007,TBC,,,,No trusted structured position source found,
Mauro Bergamasco,Italy,2011,TBC,,,,No trusted structured position source found,
Mauro Bergamasco,Italy,2015,TBC,,,,No trusted structured position source found,
Andrea Lo Cicero,Italy,1999,TBC,,,,No trusted structured position source found,
Andrea Lo Cicero,Italy,2003,TBC,,,,No trusted structured position source found,
Andrea Lo Cicero,Italy,2007,TBC,,,,No trusted structured position source found,
Andrea Lo Cicero,Italy,2011,TBC,,,,No trusted structured position source found,
Cristian Stoica,Italy,1999,TBC,,,,No trusted structured position source found,
Cristian Stoica,Italy,2003,TBC,,,,No trusted structured position source found,
Nicola Mazzucato,Italy,1999,TBC,,,,No trusted structured position source found,
Nicola Mazzucato,Italy,2003,TBC,,,,No trusted structured position source found,
Alex Moreno,Italy,1999,TBC,,,,No trusted structured position source found,
Carlo Caione,Italy,1999,TBC,,,,No trusted structured position source found,
Fabio Roselli,Italy,1999,TBC,,,,No trusted structured position source found,
Federico Pucciariello,Italy,1999,TBC,,,,No trusted structured position source found,
Giampiero de Carli,Italy,1999,TBC,,,,No trusted structured position source found,
Luca Martin,Italy,1999,TBC,,,,No trusted structured position source found,
Nick Zisti,Italy,1999,TBC,,,,No trusted structured position source found,
Sandro Ceppolino,Italy,1999,TBC,,,,No trusted structured position source found,
Terry Fanolua,Samoa,1999,TBC,,,,No trusted structured position source found,
Terry Fanolua,Samoa,2003,TBC,,,,No trusted structured position source found,
Afato So'oalo,Samoa,1999,TBC,,,,No trusted structured position source found,
Craig Glendinning,Samoa,1999,TBC,,,,No trusted structured position source found,
Filipo Toala,Samoa,1999,TBC,,,,No trusted structured position source found,
Kalolo Toleafoa,Samoa,1999,TBC,,,,No trusted structured position source found,
Kepi Faiva'ai,Samoa,1999,TBC,,,,No trusted structured position source found,
Polo Asi,Samoa,1999,TBC,,,,No trusted structured position source found,
Robbie Ale,Samoa,1999,TBC,,,,No trusted structured position source found,
Sene Ta'ala,Samoa,1999,TBC,,,,No trusted structured position source found,
Silao Leaega,Samoa,1999,TBC,,,,No trusted structured position source found,
Va'aiga Tuigamala,Samoa,1999,TBC,,,,No trusted structured position source found,
Epi Taione,Tonga,1999,TBC,,,,No trusted structured position source found,
Epi Taione,Tonga,2007,TBC,,,,No trusted structured position source found,
Damien Penisini,Tonga,1999,TBC,,,,No trusted structured position source found,
Dave Tiueti,Tonga,1999,TBC,,,,No trusted structured position source found,
David Edwards,Tonga,1999,TBC,,,,No trusted structured position source found,
Etuate Manu,Tonga,1999,TBC,,,,No trusted structured position source found,
Fepikou Tatafu,Tonga,1999,TBC,,,,No trusted structured position source found,
Jonathan Koloi,Tonga,1999,TBC,,,,No trusted structured position source found,
Josh Taumalolo,Tonga,1999,TBC,,,,No trusted structured position source found,
Katilimoni Tuʻipulotu,Tonga,1999,TBC,,,,No trusted structured position source found,
Matt Te Pou,Tonga,1999,TBC,,,,No trusted structured position source found,
Ngalu Tau,Tonga,1999,TBC,,,,No trusted structured position source found,
Puke Faletau,Tonga,1999,TBC,,,,No trusted structured position source found,
Salesi Finau,Tonga,1999,TBC,,,,No trusted structured position source found,
Semi Taupeaafe,Tonga,1999,TBC,,,,No trusted structured position source found,
Semisi Fakaʻosifolau,Tonga,1999,TBC,,,,No trusted structured position source found,
Taunaholo Taufahema,Tonga,1999,TBC,,,,No trusted structured position source found,
Taʻu Faingaʻanuku,Tonga,1999,TBC,,,,No trusted structured position source found,
Tevita Taumoepeau,Tonga,1999,TBC,,,,No trusted structured position source found,
Alatini Saulala,USA,1999,TBC,,,,No trusted structured position source found,
Andre Blom,USA,1999,TBC,,,,No trusted structured position source found,
Brian Hightower,USA,1999,TBC,,,,No trusted structured position source found,
George Sucher,USA,1999,TBC,,,,No trusted structured position source found,
Joe Clayton,USA,1999,TBC,,,,No trusted structured position source found,
Juan Grobler,USA,1999,TBC,,,,No trusted structured position source found,
Marc L'Huillier,USA,1999,TBC,,,,No trusted structured position source found,
Mark Scharrenberg,USA,1999,TBC,,,,No trusted structured position source found,
Ray Lehner,USA,1999,TBC,,,,No trusted structured position source found,
Rich Schurfeld,USA,1999,TBC,,,,No trusted structured position source found,
Richard Tardits,USA,1999,TBC,,,,No trusted structured position source found,
Shaun Paga,USA,1999,TBC,,,,No trusted structured position source found,
Sinapati Uiagalelei,USA,1999,TBC,,,,No trusted structured position source found,
Tomasi Takau,USA,1999,TBC,,,,No trusted structured position source found,
Vaea Anitoni,USA,1999,TBC,,,,No trusted structured position source found,
Jon Thiel,Canada,1999,TBC,,,,No trusted structured position source found,
Jon Thiel,Canada,2003,TBC,,,,No trusted structured position source found,
Jon Thiel,Canada,2007,TBC,,,,No trusted structured position source found,
Ryan Banks,Canada,1999,TBC,,,,No trusted structured position source found,
Ryan Banks,Canada,2003,TBC,,,,No trusted structured position source found,
Courtney Smith,Canada,1999,TBC,,,,No trusted structured position source found,
Dan Baugh,Canada,1999,TBC,,,,No trusted structured position source found,
David Penney,Canada,1999,TBC,,,,No trusted structured position source found,
Duane Major,Canada,1999,TBC,,,,No trusted structured position source found,
Jeremy Cordle,Canada,1999,TBC,,,,No trusted structured position source found,
Joe Pagano,Canada,1999,TBC,,,,No trusted structured position source found,
Julian Loveday,Canada,1999,TBC,,,,No trusted structured position source found,
Kyle Nichols,Canada,1999,TBC,,,,No trusted structured position source found,
Rob Robson,Canada,1999,TBC,,,,No trusted structured position source found,
Scott Bryan,Canada,1999,TBC,,,,No trusted structured position source found,
Eduardo Berruti,Uruguay,1999,TBC,,,,No trusted structured position source found,
Eduardo Berruti,Uruguay,2003,TBC,,,,No trusted structured position source found,
Guillermo Storace,Uruguay,1999,TBC,,,,No trusted structured position source found,
Guillermo Storace,Uruguay,2003,TBC,,,,No trusted structured position source found,
José Viana,Uruguay,1999,TBC,,,,No trusted structured position source found,
José Viana,Uruguay,2003,TBC,,,,No trusted structured position source found,
Martín Mendaro,Uruguay,1999,TBC,,,,No trusted structured position source found,
Martín Mendaro,Uruguay,2003,TBC,,,,No trusted structured position source found,
Nicolas Brignoni,Uruguay,1999,TBC,,,,No trusted structured position source found,
Nicolas Brignoni,Uruguay,2003,TBC,,,,No trusted structured position source found,
Nicolas Grille,Uruguay,1999,TBC,,,,No trusted structured position source found,
Nicolas Grille,Uruguay,2003,TBC,,,,No trusted structured position source found,
Pablo Lemoine,Uruguay,1999,TBC,,,,No trusted structured position source found,
Pablo Lemoine,Uruguay,2003,TBC,,,,No trusted structured position source found,
Rodrigo Sánchez,Uruguay,1999,TBC,,,,No trusted structured position source found,
Rodrigo Sánchez,Uruguay,2003,TBC,,,,No trusted structured position source found,
Fernando Paullier,Uruguay,1999,TBC,,,,No trusted structured position source found,
Juan Martín Marqués,Uruguay,1999,TBC,,,,No trusted structured position source found,
Martín Cerviño,Uruguay,1999,TBC,,,,No trusted structured position source found,
Martín Ferrés,Uruguay,1999,TBC,,,,No trusted structured position source found,
Martín Panizza,Uruguay,1999,TBC,,,,No trusted structured position source found,
Pablo Costábile,Uruguay,1999,TBC,,,,No trusted structured position source found,
Pedro Vecino,Uruguay,1999,TBC,,,,No trusted structured position source found,
Deon Mouton,Namibia,1999,TBC,,,,No trusted structured position source found,
Deon Mouton,Namibia,2003,TBC,,,,No trusted structured position source found,
Deon Mouton,Namibia,2007,TBC,,,,No trusted structured position source found,
Herman Lintvelt,Namibia,1999,TBC,,,,No trusted structured position source found,
Herman Lintvelt,Namibia,2003,TBC,,,,No trusted structured position source found,
Herman Lintvelt,Namibia,2007,TBC,,,,No trusted structured position source found,
Andries Blaauw,Namibia,1999,TBC,,,,No trusted structured position source found,
Andries Blaauw,Namibia,2003,TBC,,,,No trusted structured position source found,
Schalk van der Merwe,Namibia,1999,TBC,,,,No trusted structured position source found,
Schalk van der Merwe,Namibia,2003,TBC,,,,No trusted structured position source found,
Arthur Samuelson,Namibia,1999,TBC,,,,No trusted structured position source found,
Cliff Loubser,Namibia,1999,TBC,,,,No trusted structured position source found,
Derek Farmer,Namibia,1999,TBC,,,,No trusted structured position source found,
Eben Smith,Namibia,1999,TBC,,,,No trusted structured position source found,
Francois van Rensburg,Namibia,1999,TBC,,,,No trusted structured position source found,
Frans Fisch,Namibia,1999,TBC,,,,No trusted structured position source found,
Gerhard Opperman,Namibia,1999,TBC,,,,No trusted structured position source found,
Jaco Olivier,Namibia,1999,TBC,,,,No trusted structured position source found,
Lukas Holtzhausen,Namibia,1999,TBC,,,,No trusted structured position source found,
Mario Jacobs,Namibia,1999,TBC,,,,No trusted structured position source found,
Mathys van Rooyen,Namibia,1999,TBC,,,,No trusted structured position source found,
Sarel van Rensburg,Namibia,1999,TBC,,,,No trusted structured position source found,
Sybrand de Beer,Namibia,1999,TBC,,,,No trusted structured position source found,
Nicolae Dragoș Dima,Romania,1999,TBC,,,,No trusted structured position source found,
Nicolae Dragoș Dima,Romania,2011,TBC,,,,No trusted structured position source found,
Florin Corodeanu,Romania,1999,TBC,,,,No trusted structured position source found,
Florin Corodeanu,Romania,2003,TBC,,,,No trusted structured position source found,
Florin Corodeanu,Romania,2007,TBC,,,,No trusted structured position source found,
Gabriel Brezoianu,Romania,1999,TBC,,,,No trusted structured position source found,
Gabriel Brezoianu,Romania,2003,TBC,,,,No trusted structured position source found,
Gabriel Brezoianu,Romania,2007,TBC,,,,No trusted structured position source found,
Petru Bălan,Romania,1999,TBC,,,,No trusted structured position source found,
Petru Bălan,Romania,2003,TBC,,,,No trusted structured position source found,
Petru Bălan,Romania,2007,TBC,,,,No trusted structured position source found,
Cristian Săuan,Romania,1999,TBC,,,,No trusted structured position source found,
Cristian Săuan,Romania,2003,TBC,,,,No trusted structured position source found,
Alin Petrache,Romania,1999,TBC,,,,No trusted structured position source found,
Cristian Hîldan,Romania,1999,TBC,,,,No trusted structured position source found,
Cristian Lupu,Romania,1999,TBC,,,,No trusted structured position source found,
Dragoș Niculae,Romania,1999,TBC,,,,No trusted structured position source found,
Laurențiu Rotaru,Romania,1999,TBC,,,,No trusted structured position source found,
Mihai Ciolacu,Romania,1999,TBC,,,,No trusted structured position source found,
Alberto Malo,Spain,1999,TBC,,,,No trusted structured position source found,
Alberto Socías,Spain,1999,TBC,,,,No trusted structured position source found,
Antonio Socías,Spain,1999,TBC,,,,No trusted structured position source found,
Carlos Souto,Spain,1999,TBC,,,,No trusted structured position source found,
Fernando Díez,Spain,1999,TBC,,,,No trusted structured position source found,
Jordi Camps,Spain,1999,TBC,,,,No trusted structured position source found,
José Díaz,Spain,1999,TBC,,,,No trusted structured position source found,
José Ignacio Inchausti,Spain,1999,TBC,,,,No trusted structured position source found,
José Ignacio Zapatero,Spain,1999,TBC,,,,No trusted structured position source found,
Luis Javier Martínez,Spain,1999,TBC,,,,No trusted structured position source found,
Miguel Ángel Frechilla,Spain,1999,TBC,,,,No trusted structured position source found,
Oriol Ripol,Spain,1999,TBC,,,,No trusted structured position source found,
Oscar Astarloa,Spain,1999,TBC,,,,No trusted structured position source found,
Raphaël Bastide,Spain,1999,TBC,,,,No trusted structured position source found,
Sébastien Loubsens,Spain,1999,TBC,,,,No trusted structured position source found,
Víctor Torres,Spain,1999,TBC,,,,No trusted structured position source found,
Álvar Enciso,Spain,1999,TBC,,,,No trusted structured position source found,
Ma'a Nonu,New Zealand,2003,TBC,,,,No trusted structured position source found,
Ma'a Nonu,New Zealand,2011,TBC,,,,No trusted structured position source found,
Ma'a Nonu,New Zealand,2015,TBC,,,,No trusted structured position source found,
Aaron Mauger,New Zealand,2003,TBC,,,,No trusted structured position source found,
Aaron Mauger,New Zealand,2007,TBC,,,,No trusted structured position source found,
Greg Somerville,New Zealand,2003,TBC,,,,No trusted structured position source found,
Greg Somerville,New Zealand,2007,TBC,,,,No trusted structured position source found,
Jerry Collins,New Zealand,2003,TBC,,,,No trusted structured position source found,
Jerry Collins,New Zealand,2007,TBC,,,,No trusted structured position source found,
Joe Rokocoko,New Zealand,2003,TBC,,,,No trusted structured position source found,
Joe Rokocoko,New Zealand,2007,TBC,,,,No trusted structured position source found,
Ben Atiga,New Zealand,2003,TBC,,,,No trusted structured position source found,
Caleb Ralph,New Zealand,2003,TBC,,,,No trusted structured position source found,
Daniel Braid,New Zealand,2003,TBC,,,,No trusted structured position source found,
Dave Hewett,New Zealand,2003,TBC,,,,No trusted structured position source found,
Marty Holah,New Zealand,2003,TBC,,,,No trusted structured position source found,
Jaque Fourie,South Africa,2003,TBC,,,,No trusted structured position source found,
Jaque Fourie,South Africa,2007,TBC,,,,No trusted structured position source found,
Jaque Fourie,South Africa,2011,TBC,,,,No trusted structured position source found,
Ashwin Willemse,South Africa,2003,TBC,,,,No trusted structured position source found,
Ashwin Willemse,South Africa,2007,TBC,,,,No trusted structured position source found,
Christo Bezuidenhout,South Africa,2003,TBC,,,,No trusted structured position source found,
Corné Krige,South Africa,2003,TBC,,,,No trusted structured position source found,
De Wet Barry,South Africa,2003,TBC,,,,No trusted structured position source found,
Faan Rautenbach,South Africa,2003,TBC,,,,No trusted structured position source found,
Hendro Scholtz,South Africa,2003,TBC,,,,No trusted structured position source found,
Jorrie Muller,South Africa,2003,TBC,,,,No trusted structured position source found,
Lawrence Sephaka,South Africa,2003,TBC,,,,No trusted structured position source found,
Richard Bands,South Africa,2003,TBC,,,,No trusted structured position source found,
Werner Greeff,South Africa,2003,TBC,,,,No trusted structured position source found,
Al Baxter,Australia,2003,TBC,,,,No trusted structured position source found,
Al Baxter,Australia,2007,TBC,,,,No trusted structured position source found,
Matt Dunning,Australia,2003,TBC,,,,No trusted structured position source found,
Matt Dunning,Australia,2007,TBC,,,,No trusted structured position source found,
Morgan Turinui,Australia,2003,TBC,,,,No trusted structured position source found,
Morgan Turinui,Australia,2007,TBC,,,,No trusted structured position source found,
Ben Darwin,Australia,2003,TBC,,,,No trusted structured position source found,
Bill Young,Australia,2003,TBC,,,,No trusted structured position source found,
David Croft,Australia,2003,TBC,,,,No trusted structured position source found,
Mat Rogers,Australia,2003,TBC,,,,No trusted structured position source found,
Wendell Sailor,Australia,2003,TBC,,,,No trusted structured position source found,
Mike Tindall,England,2003,TBC,,,,No trusted structured position source found,
Mike Tindall,England,2011,TBC,,,,No trusted structured position source found,
Ben Cohen,England,2003,TBC,,,,No trusted structured position source found,
Julian White,England,2003,TBC,,,,No trusted structured position source found,
Stuart Abbott,England,2003,TBC,,,,No trusted structured position source found,
Trevor Woodman,England,2003,TBC,,,,No trusted structured position source found,
Aurélien Rougerie,France,2003,TBC,,,,No trusted structured position source found,
Aurélien Rougerie,France,2007,TBC,,,,No trusted structured position source found,
Aurélien Rougerie,France,2011,TBC,,,,No trusted structured position source found,
Jean-Baptiste Poux,France,2003,TBC,,,,No trusted structured position source found,
Jean-Baptiste Poux,France,2007,TBC,,,,No trusted structured position source found,
Jean-Baptiste Poux,France,2011,TBC,,,,No trusted structured position source found,
Olivier Milloud,France,2003,TBC,,,,No trusted structured position source found,
Olivier Milloud,France,2007,TBC,,,,No trusted structured position source found,
Brian Liebenberg,France,2003,TBC,,,,No trusted structured position source found,
David Bory,France,2003,TBC,,,,No trusted structured position source found,
Jean-Jacques Crenca,France,2003,TBC,,,,No trusted structured position source found,
Patrick Tabacco,France,2003,TBC,,,,No trusted structured position source found,
Pépito Elhorga,France,2003,TBC,,,,No trusted structured position source found,
Sylvain Marconnet,France,2003,TBC,,,,No trusted structured position source found,
Tony Marsh,France,2003,TBC,,,,No trusted structured position source found,
Alan Quinlan,Ireland,2003,TBC,,,,No trusted structured position source found,
Alan Quinlan,Ireland,2007,TBC,,,,No trusted structured position source found,
David Wallace,Ireland,2003,TBC,,,,No trusted structured position source found,
David Wallace,Ireland,2007,TBC,,,,No trusted structured position source found,
John Hayes,Ireland,2003,TBC,,,,No trusted structured position source found,
John Hayes,Ireland,2007,TBC,,,,No trusted structured position source found,
Marcus Horan,Ireland,2003,TBC,,,,No trusted structured position source found,
Marcus Horan,Ireland,2007,TBC,,,,No trusted structured position source found,
Simon Best,Ireland,2003,TBC,,,,No trusted structured position source found,
Simon Best,Ireland,2007,TBC,,,,No trusted structured position source found,
Simon Easterby,Ireland,2003,TBC,,,,No trusted structured position source found,
Simon Easterby,Ireland,2007,TBC,,,,No trusted structured position source found,
Anthony Horgan,Ireland,2003,TBC,,,,No trusted structured position source found,
John Kelly,Ireland,2003,TBC,,,,No trusted structured position source found,
Keith Gleeson,Ireland,2003,TBC,,,,No trusted structured position source found,
Tyrone Howe,Ireland,2003,TBC,,,,No trusted structured position source found,
Paul James,Wales,2003,TBC,,,,No trusted structured position source found,
Paul James,Wales,2011,TBC,,,,No trusted structured position source found,
Paul James,Wales,2015,TBC,,,,No trusted structured position source found,
Jonathan Thomas,Wales,2003,TBC,,,,No trusted structured position source found,
Jonathan Thomas,Wales,2007,TBC,,,,No trusted structured position source found,
Mark Jones,Wales,2003,TBC,,,,No trusted structured position source found,
Mark Jones,Wales,2007,TBC,,,,No trusted structured position source found,
Sonny Parker,Wales,2003,TBC,,,,No trusted structured position source found,
Sonny Parker,Wales,2007,TBC,,,,No trusted structured position source found,
Tom Shanklin,Wales,2003,TBC,,,,No trusted structured position source found,
Tom Shanklin,Wales,2007,TBC,,,,No trusted structured position source found,
Dafydd Jones,Wales,2003,TBC,,,,No trusted structured position source found,
Iestyn Harris,Wales,2003,TBC,,,,No trusted structured position source found,
Iestyn Thomas,Wales,2003,TBC,,,,No trusted structured position source found,
Allan Jacobsen,Scotland,2003,TBC,,,,No trusted structured position source found,
Allan Jacobsen,Scotland,2007,TBC,,,,No trusted structured position source found,
Allan Jacobsen,Scotland,2011,TBC,,,,No trusted structured position source found,
Simon Danielli,Scotland,2003,TBC,,,,No trusted structured position source found,
Simon Danielli,Scotland,2011,TBC,,,,No trusted structured position source found,
Andrew Henderson,Scotland,2003,TBC,,,,No trusted structured position source found,
Andrew Henderson,Scotland,2007,TBC,,,,No trusted structured position source found,
Gavin Kerr,Scotland,2003,TBC,,,,No trusted structured position source found,
Gavin Kerr,Scotland,2007,TBC,,,,No trusted structured position source found,
Jason White,Scotland,2003,TBC,,,,No trusted structured position source found,
Jason White,Scotland,2007,TBC,,,,No trusted structured position source found,
Nikki Walker,Scotland,2003,TBC,,,,No trusted structured position source found,
Nikki Walker,Scotland,2007,TBC,,,,No trusted structured position source found,
Andy Craig,Scotland,2003,TBC,,,,No trusted structured position source found,
Ben Hinshelwood,Scotland,2003,TBC,,,,No trusted structured position source found,
Bruce Douglas,Scotland,2003,TBC,,,,No trusted structured position source found,
Gordon McIlwham,Scotland,2003,TBC,,,,No trusted structured position source found,
Ross Beattie,Scotland,2003,TBC,,,,No trusted structured position source found,
Rodrigo Roncero,Argentina,2003,TBC,,,,No trusted structured position source found,
Rodrigo Roncero,Argentina,2007,TBC,,,,No trusted structured position source found,
Rodrigo Roncero,Argentina,2011,TBC,,,,No trusted structured position source found,
Hernán Senillosa,Argentina,2003,TBC,,,,No trusted structured position source found,
Hernán Senillosa,Argentina,2007,TBC,,,,No trusted structured position source found,
Martín Durand,Argentina,2003,TBC,,,,No trusted structured position source found,
Martín Durand,Argentina,2007,TBC,,,,No trusted structured position source found,
José María Núñez Piossek,Argentina,2003,TBC,,,,No trusted structured position source found,
Martín Gaitán,Argentina,2003,TBC,,,,No trusted structured position source found,
Seru Rabeni,Fiji,2003,TBC,,,,No trusted structured position source found,
Seru Rabeni,Fiji,2007,TBC,,,,No trusted structured position source found,
Vilimoni Delasau,Fiji,2003,TBC,,,,No trusted structured position source found,
Vilimoni Delasau,Fiji,2007,TBC,,,,No trusted structured position source found,
Aisea Tuilevu,Fiji,2003,TBC,,,,No trusted structured position source found,
Epeli Ruivadra,Fiji,2003,TBC,,,,No trusted structured position source found,
Isa Nacewa,Fiji,2003,TBC,,,,No trusted structured position source found,
Kitione Salawa,Fiji,2003,TBC,,,,No trusted structured position source found,
Nacanieli Seru,Fiji,2003,TBC,,,,No trusted structured position source found,
Richard Nyholt,Fiji,2003,TBC,,,,No trusted structured position source found,
Rupeni Caucaunibuca,Fiji,2003,TBC,,,,No trusted structured position source found,
Saimoni Rokini,Fiji,2003,TBC,,,,No trusted structured position source found,
Hirotoki Onozawa,Japan,2003,TBC,,,,No trusted structured position source found,
Hirotoki Onozawa,Japan,2007,TBC,,,,No trusted structured position source found,
Hirotoki Onozawa,Japan,2011,TBC,,,,No trusted structured position source found,
Masahito Yamamoto,Japan,2003,TBC,,,,No trusted structured position source found,
Masahito Yamamoto,Japan,2007,TBC,,,,No trusted structured position source found,
Ryo Yamamura,Japan,2003,TBC,,,,No trusted structured position source found,
Ryo Yamamura,Japan,2007,TBC,,,,No trusted structured position source found,
George Konia,Japan,2003,TBC,,,,No trusted structured position source found,
Hideki Nanba,Japan,2003,TBC,,,,No trusted structured position source found,
Junichi Hojo,Japan,2003,TBC,,,,No trusted structured position source found,
Masahiko Toyoyama,Japan,2003,TBC,,,,No trusted structured position source found,
Reuben Parkinson,Japan,2003,TBC,,,,No trusted structured position source found,
Ryota Asano,Japan,2003,TBC,,,,No trusted structured position source found,
Takahiro Hayano,Japan,2003,TBC,,,,No trusted structured position source found,
Toru Kurihara,Japan,2003,TBC,,,,No trusted structured position source found,
Martin Castrogiovanni,Italy,2003,TBC,,,,No trusted structured position source found,
Martin Castrogiovanni,Italy,2007,TBC,,,,No trusted structured position source found,
Martin Castrogiovanni,Italy,2011,TBC,,,,No trusted structured position source found,
Martin Castrogiovanni,Italy,2015,TBC,,,,No trusted structured position source found,
Gonzalo Canale,Italy,2003,TBC,,,,No trusted structured position source found,
Gonzalo Canale,Italy,2007,TBC,,,,No trusted structured position source found,
Gonzalo Canale,Italy,2011,TBC,,,,No trusted structured position source found,
Mirco Bergamasco,Italy,2003,TBC,,,,No trusted structured position source found,
Mirco Bergamasco,Italy,2007,TBC,,,,No trusted structured position source found,
Mirco Bergamasco,Italy,2011,TBC,,,,No trusted structured position source found,
Salvatore Perugini,Italy,2003,TBC,,,,No trusted structured position source found,
Salvatore Perugini,Italy,2007,TBC,,,,No trusted structured position source found,
Salvatore Perugini,Italy,2011,TBC,,,,No trusted structured position source found,
Aaron Persico,Italy,2003,TBC,,,,No trusted structured position source found,
Andrea Benatti,Italy,2003,TBC,,,,No trusted structured position source found,
Denis Dallan,Italy,2003,TBC,,,,No trusted structured position source found,
Manuel Dallan,Italy,2003,TBC,,,,No trusted structured position source found,
Matteo Barbini,Italy,2003,TBC,,,,No trusted structured position source found,
Ramiro Martínez,Italy,2003,TBC,,,,No trusted structured position source found,
Scott Palmer,Italy,2003,TBC,,,,No trusted structured position source found,
Maurie Fa'asavalu,Samoa,2003,TBC,,,,No trusted structured position source found,
Maurie Fa'asavalu,Samoa,2011,TBC,,,,No trusted structured position source found,
Maurie Fa'asavalu,Samoa,2015,TBC,,,,No trusted structured position source found,
Sailosi Tagicakibau,Samoa,2003,TBC,,,,No trusted structured position source found,
Sailosi Tagicakibau,Samoa,2007,TBC,,,,No trusted structured position source found,
Sailosi Tagicakibau,Samoa,2011,TBC,,,,No trusted structured position source found,
Kas Lealamanua,Samoa,2003,TBC,,,,No trusted structured position source found,
Kas Lealamanua,Samoa,2007,TBC,,,,No trusted structured position source found,
Lome Fa'atau,Samoa,2003,TBC,,,,No trusted structured position source found,
Lome Fa'atau,Samoa,2007,TBC,,,,No trusted structured position source found,
Dale Rasmussen,Samoa,2003,TBC,,,,No trusted structured position source found,
Des Tuiavi'i,Samoa,2003,TBC,,,,No trusted structured position source found,
Dominic Fe'aunati,Samoa,2003,TBC,,,,No trusted structured position source found,
Jeremy Tomuli,Samoa,2003,TBC,,,,No trusted structured position source found,
Patrick Segi,Samoa,2003,TBC,,,,No trusted structured position source found,
Peter Poulos,Samoa,2003,TBC,,,,No trusted structured position source found,
Romi Ropati,Samoa,2003,TBC,,,,No trusted structured position source found,
Ron Fanuatanu,Samoa,2003,TBC,,,,No trusted structured position source found,
Siaosi Vaili,Samoa,2003,TBC,,,,No trusted structured position source found,
Simon Lemalu,Samoa,2003,TBC,,,,No trusted structured position source found,
Tamato Leupolu,Samoa,2003,TBC,,,,No trusted structured position source found,
Kisi Pulu,Tonga,2003,TBC,,,,No trusted structured position source found,
Kisi Pulu,Tonga,2007,TBC,,,,No trusted structured position source found,
Kisi Pulu,Tonga,2011,TBC,,,,No trusted structured position source found,
Suka Hufanga,Tonga,2003,TBC,,,,No trusted structured position source found,
Suka Hufanga,Tonga,2007,TBC,,,,No trusted structured position source found,
Suka Hufanga,Tonga,2011,TBC,,,,No trusted structured position source found,
Tevita Tuʻifua,Tonga,2003,TBC,,,,No trusted structured position source found,
Tevita Tuʻifua,Tonga,2007,TBC,,,,No trusted structured position source found,
Edward Langi,Tonga,2003,TBC,,,,No trusted structured position source found,
Gus Leger,Tonga,2003,TBC,,,,No trusted structured position source found,
Heamani Lavaka,Tonga,2003,TBC,,,,No trusted structured position source found,
John Payne,Tonga,2003,TBC,,,,No trusted structured position source found,
Johnny Ngauamo,Tonga,2003,TBC,,,,No trusted structured position source found,
Kafalosi Tonga,Tonga,2003,TBC,,,,No trusted structured position source found,
Pila Fifita,Tonga,2003,TBC,,,,No trusted structured position source found,
Sila Vaʻenuku,Tonga,2003,TBC,,,,No trusted structured position source found,
Sione Fonua,Tonga,2003,TBC,,,,No trusted structured position source found,
Sione Tuʻamoheloa,Tonga,2003,TBC,,,,No trusted structured position source found,
Stanley Afeaki,Tonga,2003,TBC,,,,No trusted structured position source found,
Tonga Leaʻaetoa,Tonga,2003,TBC,,,,No trusted structured position source found,
Usaia Latu,Tonga,2003,TBC,,,,No trusted structured position source found,
Mike MacDonald,USA,2003,TBC,,,,No trusted structured position source found,
Mike MacDonald,USA,2007,TBC,,,,No trusted structured position source found,
Mike MacDonald,USA,2011,TBC,,,,No trusted structured position source found,
Todd Clever,USA,2003,TBC,,,,No trusted structured position source found,
Todd Clever,USA,2007,TBC,,,,No trusted structured position source found,
Todd Clever,USA,2011,TBC,,,,No trusted structured position source found,
Philip Eloff,USA,2003,TBC,,,,No trusted structured position source found,
Philip Eloff,USA,2007,TBC,,,,No trusted structured position source found,
Salesi Sika,USA,2003,TBC,,,,No trusted structured position source found,
Salesi Sika,USA,2007,TBC,,,,No trusted structured position source found,
Dan Dorsey,USA,2003,TBC,,,,No trusted structured position source found,
David Fee,USA,2003,TBC,,,,No trusted structured position source found,
Jacob Waasdorp,USA,2003,TBC,,,,No trusted structured position source found,
Jason Keyter,USA,2003,TBC,,,,No trusted structured position source found,
John Tarpoff,USA,2003,TBC,,,,No trusted structured position source found,
Jurie Gouws,USA,2003,TBC,,,,No trusted structured position source found,
Kain Cross,USA,2003,TBC,,,,No trusted structured position source found,
Oloseti Fifita,USA,2003,TBC,,,,No trusted structured position source found,
Riaan van Zyl,USA,2003,TBC,,,,No trusted structured position source found,
Richard Liddington,USA,2003,TBC,,,,No trusted structured position source found,
Adam van Staveren,Canada,2003,TBC,,,,No trusted structured position source found,
Garth Cooke,Canada,2003,TBC,,,,No trusted structured position source found,
Jim Douglas,Canada,2003,TBC,,,,No trusted structured position source found,
John Cannon,Canada,2003,TBC,,,,No trusted structured position source found,
Kevin Tkachuk,Canada,2003,TBC,,,,No trusted structured position source found,
Marco Di Girolamo,Canada,2003,TBC,,,,No trusted structured position source found,
Matt King,Canada,2003,TBC,,,,No trusted structured position source found,
Nik Witkowski,Canada,2003,TBC,,,,No trusted structured position source found,
Sean Fauth,Canada,2003,TBC,,,,No trusted structured position source found,
Carlos Baldassari,Uruguay,2003,TBC,,,,No trusted structured position source found,
Emiliano Ibarra,Uruguay,2003,TBC,,,,No trusted structured position source found,
Hernan Ponte,Uruguay,2003,TBC,,,,No trusted structured position source found,
Ignacio Conti,Uruguay,2003,TBC,,,,No trusted structured position source found,
Joaquin Pastore,Uruguay,2003,TBC,,,,No trusted structured position source found,
Joaquín de Freitas,Uruguay,2003,TBC,,,,No trusted structured position source found,
Juan Machado,Uruguay,2003,TBC,,,,No trusted structured position source found,
Corne Powell,Namibia,2003,TBC,,,,No trusted structured position source found,
Corne Powell,Namibia,2007,TBC,,,,No trusted structured position source found,
Du Preez Grobler,Namibia,2003,TBC,,,,No trusted structured position source found,
Du Preez Grobler,Namibia,2007,TBC,,,,No trusted structured position source found,
Kees Lensing,Namibia,2003,TBC,,,,No trusted structured position source found,
Kees Lensing,Namibia,2007,TBC,,,,No trusted structured position source found,
Melrick Africa,Namibia,2003,TBC,,,,No trusted structured position source found,
Melrick Africa,Namibia,2007,TBC,,,,No trusted structured position source found,
Johan Jenkins,Namibia,2003,TBC,,,,No trusted structured position source found,
Niel Swanepoel,Namibia,2003,TBC,,,,No trusted structured position source found,
Niel du Toit,Namibia,2003,TBC,,,,No trusted structured position source found,
Regardt Kruger,Namibia,2003,TBC,,,,No trusted structured position source found,
Shaun van Rooi,Namibia,2003,TBC,,,,No trusted structured position source found,
Wolfie Duvenhage,Namibia,2003,TBC,,,,No trusted structured position source found,
Goderdzi Shvelidze,Georgia,2003,TBC,,,,No trusted structured position source found,
Goderdzi Shvelidze,Georgia,2007,TBC,,,,No trusted structured position source found,
Goderdzi Shvelidze,Georgia,2011,TBC,,,,No trusted structured position source found,
Tedo Zibzibadze,Georgia,2003,TBC,,,,No trusted structured position source found,
Tedo Zibzibadze,Georgia,2011,TBC,,,,No trusted structured position source found,
Gia Labadze,Georgia,2003,TBC,,,,No trusted structured position source found,
Gia Labadze,Georgia,2007,TBC,,,,No trusted structured position source found,
Irakli Giorgadze,Georgia,2003,TBC,,,,No trusted structured position source found,
Irakli Giorgadze,Georgia,2007,TBC,,,,No trusted structured position source found,
Otar Eloshvili,Georgia,2003,TBC,,,,No trusted structured position source found,
Otar Eloshvili,Georgia,2007,TBC,,,,No trusted structured position source found,
Aleko Margvelashvili,Georgia,2003,TBC,,,,No trusted structured position source found,
Archil Kavtarashvili,Georgia,2003,TBC,,,,No trusted structured position source found,
Avto Kopaliani,Georgia,2003,TBC,,,,No trusted structured position source found,
Badri Khekhelashvili,Georgia,2003,TBC,,,,No trusted structured position source found,
David Bolgashvili,Georgia,2003,TBC,,,,No trusted structured position source found,
George Tsiklauri,Georgia,2003,TBC,,,,No trusted structured position source found,
Gocha Khonelidze,Georgia,2003,TBC,,,,No trusted structured position source found,
Grégoire Yachvili,Georgia,2003,TBC,,,,No trusted structured position source found,
Soso Nikolaenko,Georgia,2003,TBC,,,,No trusted structured position source found,
Vasil Katsadze,Georgia,2003,TBC,,,,No trusted structured position source found,
Paulică Ion,Romania,2003,TBC,,,,No trusted structured position source found,
Paulică Ion,Romania,2007,TBC,,,,No trusted structured position source found,
Paulică Ion,Romania,2011,TBC,,,,No trusted structured position source found,
Paulică Ion,Romania,2015,TBC,,,,No trusted structured position source found,
Cătălin Nicolae,Romania,2003,TBC,,,,No trusted structured position source found,
Cătălin Nicolae,Romania,2007,TBC,,,,No trusted structured position source found,
Cătălin Nicolae,Romania,2011,TBC,,,,No trusted structured position source found,
Silviu Florea,Romania,2003,TBC,,,,No trusted structured position source found,
Silviu Florea,Romania,2007,TBC,,,,No trusted structured position source found,
Silviu Florea,Romania,2011,TBC,,,,No trusted structured position source found,
Alexandru Tudori,Romania,2003,TBC,,,,No trusted structured position source found,
Alexandru Tudori,Romania,2007,TBC,,,,No trusted structured position source found,
Cezar Popescu,Romania,2003,TBC,,,,No trusted structured position source found,
Cezar Popescu,Romania,2007,TBC,,,,No trusted structured position source found,
Ion Teodorescu,Romania,2003,TBC,,,,No trusted structured position source found,
Ion Teodorescu,Romania,2007,TBC,,,,No trusted structured position source found,
Petrișor Toderașc,Romania,2003,TBC,,,,No trusted structured position source found,
Petrișor Toderașc,Romania,2007,TBC,,,,No trusted structured position source found,
Bogdan Voicu,Romania,2003,TBC,,,,No trusted structured position source found,
Cornel Tatu,Romania,2003,TBC,,,,No trusted structured position source found,
George Chiriac,Romania,2003,TBC,,,,No trusted structured position source found,
Marcel Socaciu,Romania,2003,TBC,,,,No trusted structured position source found,
Valentin Maftei,Romania,2003,TBC,,,,No trusted structured position source found,
Vasile Ghioc,Romania,2003,TBC,,,,No trusted structured position source found,
Tony Woodcock,New Zealand,2007,TBC,,,,No trusted structured position source found,
Tony Woodcock,New Zealand,2011,TBC,,,,No trusted structured position source found,
Tony Woodcock,New Zealand,2015,TBC,,,,No trusted structured position source found,
Carl Hayman,New Zealand,2007,TBC,,,,No trusted structured position source found,
Chris Masoe,New Zealand,2007,TBC,,,,No trusted structured position source found,
Luke McAlister,New Zealand,2007,TBC,,,,No trusted structured position source found,
Neemia Tialata,New Zealand,2007,TBC,,,,No trusted structured position source found,
Sitiveni Sivivatu,New Zealand,2007,TBC,,,,No trusted structured position source found,
Jannie du Plessis,South Africa,2007,TBC,,,,No trusted structured position source found,
Jannie du Plessis,South Africa,2011,TBC,,,,No trusted structured position source found,
Jannie du Plessis,South Africa,2015,TBC,,,,No trusted structured position source found,
CJ van der Linde,South Africa,2007,TBC,,,,No trusted structured position source found,
CJ van der Linde,South Africa,2011,TBC,,,,No trusted structured position source found,
Gurthrö Steenkamp,South Africa,2007,TBC,,,,No trusted structured position source found,
Gurthrö Steenkamp,South Africa,2011,TBC,,,,No trusted structured position source found,
Akona Ndungane,South Africa,2007,TBC,,,,No trusted structured position source found,
BJ Botha,South Africa,2007,TBC,,,,No trusted structured position source found,
Wikus van Heerden,South Africa,2007,TBC,,,,No trusted structured position source found,
Wynand Olivier,South Africa,2007,TBC,,,,No trusted structured position source found,
Drew Mitchell,Australia,2007,TBC,,,,No trusted structured position source found,
Drew Mitchell,Australia,2015,TBC,,,,No trusted structured position source found,
Greg Holmes,Australia,2007,TBC,,,,No trusted structured position source found,
Greg Holmes,Australia,2015,TBC,,,,No trusted structured position source found,
Cameron Shepherd,Australia,2007,TBC,,,,No trusted structured position source found,
Guy Shepherdson,Australia,2007,TBC,,,,No trusted structured position source found,
Mark Cueto,England,2007,TBC,,,,No trusted structured position source found,
Mark Cueto,England,2011,TBC,,,,No trusted structured position source found,
Matt Stevens,England,2007,TBC,,,,No trusted structured position source found,
Matt Stevens,England,2011,TBC,,,,No trusted structured position source found,
Andrew Sheridan,England,2007,TBC,,,,No trusted structured position source found,
Andy Farrell,England,2007,TBC,,,,No trusted structured position source found,
Dan Hipkiss,England,2007,TBC,,,,No trusted structured position source found,
Jamie Noon,England,2007,TBC,,,,No trusted structured position source found,
Mathew Tait,England,2007,TBC,,,,No trusted structured position source found,
Paul Sackey,England,2007,TBC,,,,No trusted structured position source found,
Perry Freshwater,England,2007,TBC,,,,No trusted structured position source found,
Tom Rees,England,2007,TBC,,,,No trusted structured position source found,
Yannick Nyanga,France,2007,TBC,,,,No trusted structured position source found,
Yannick Nyanga,France,2015,TBC,,,,No trusted structured position source found,
David Marty,France,2007,TBC,,,,No trusted structured position source found,
David Marty,France,2011,TBC,,,,No trusted structured position source found,
Rémy Martin,France,2007,TBC,,,,No trusted structured position source found,
Andrew Trimble,Ireland,2007,TBC,,,,No trusted structured position source found,
Andrew Trimble,Ireland,2011,TBC,,,,No trusted structured position source found,
Stephen Ferris,Ireland,2007,TBC,,,,No trusted structured position source found,
Stephen Ferris,Ireland,2011,TBC,,,,No trusted structured position source found,
Brian Carney,Ireland,2007,TBC,,,,No trusted structured position source found,
Bryan Young,Ireland,2007,TBC,,,,No trusted structured position source found,
Denis Hickie,Ireland,2007,TBC,,,,No trusted structured position source found,
Gavin Duffy,Ireland,2007,TBC,,,,No trusted structured position source found,
Neil Best,Ireland,2007,TBC,,,,No trusted structured position source found,
Chris Horsman,Wales,2007,TBC,,,,No trusted structured position source found,
Duncan Jones,Wales,2007,TBC,,,,No trusted structured position source found,
Jamie Robinson,Wales,2007,TBC,,,,No trusted structured position source found,
Alasdair Dickinson,Scotland,2007,TBC,,,,No trusted structured position source found,
Alasdair Dickinson,Scotland,2011,TBC,,,,No trusted structured position source found,
Alasdair Dickinson,Scotland,2015,TBC,,,,No trusted structured position source found,
Sean Lamont,Scotland,2007,TBC,,,,No trusted structured position source found,
Sean Lamont,Scotland,2011,TBC,,,,No trusted structured position source found,
Sean Lamont,Scotland,2015,TBC,,,,No trusted structured position source found,
Euan Murray,Scotland,2007,TBC,,,,No trusted structured position source found,
Euan Murray,Scotland,2011,TBC,,,,No trusted structured position source found,
Kelly Brown,Scotland,2007,TBC,,,,No trusted structured position source found,
Kelly Brown,Scotland,2011,TBC,,,,No trusted structured position source found,
Ally Hogg,Scotland,2007,TBC,,,,No trusted structured position source found,
Craig Smith,Scotland,2007,TBC,,,,No trusted structured position source found,
Marcus Di Rollo,Scotland,2007,TBC,,,,No trusted structured position source found,
Rob Dewey,Scotland,2007,TBC,,,,No trusted structured position source found,
Simon Webster,Scotland,2007,TBC,,,,No trusted structured position source found,
Horacio Agulla,Argentina,2007,TBC,,,,No trusted structured position source found,
Horacio Agulla,Argentina,2011,TBC,,,,No trusted structured position source found,
Horacio Agulla,Argentina,2015,TBC,,,,No trusted structured position source found,
Marcos Ayerza,Argentina,2007,TBC,,,,No trusted structured position source found,
Marcos Ayerza,Argentina,2011,TBC,,,,No trusted structured position source found,
Marcos Ayerza,Argentina,2015,TBC,,,,No trusted structured position source found,
Lucas Borges,Argentina,2007,TBC,,,,No trusted structured position source found,
Lucas Borges,Argentina,2011,TBC,,,,No trusted structured position source found,
Federico Martín Aramburú,Argentina,2007,TBC,,,,No trusted structured position source found,
Gonzalo Tiesi,Argentina,2007,TBC,,,,No trusted structured position source found,
Martín Schusterman,Argentina,2007,TBC,,,,No trusted structured position source found,
Santiago González Bonorino,Argentina,2007,TBC,,,,No trusted structured position source found,
Akapusi Qera,Fiji,2007,TBC,,,,No trusted structured position source found,
Akapusi Qera,Fiji,2011,TBC,,,,No trusted structured position source found,
Akapusi Qera,Fiji,2015,TBC,,,,No trusted structured position source found,
Gabiriele Lovobalavu,Fiji,2007,TBC,,,,No trusted structured position source found,
Gabiriele Lovobalavu,Fiji,2011,TBC,,,,No trusted structured position source found,
Gabiriele Lovobalavu,Fiji,2015,TBC,,,,No trusted structured position source found,
Netani Talei,Fiji,2007,TBC,,,,No trusted structured position source found,
Netani Talei,Fiji,2011,TBC,,,,No trusted structured position source found,
Netani Talei,Fiji,2015,TBC,,,,No trusted structured position source found,
Seremaia Bai,Fiji,2007,TBC,,,,No trusted structured position source found,
Seremaia Bai,Fiji,2011,TBC,,,,No trusted structured position source found,
Aca Ratuva,Fiji,2007,TBC,,,,No trusted structured position source found,
Alefoso Yalayalatabua,Fiji,2007,TBC,,,,No trusted structured position source found,
Graham Dewes,Fiji,2007,TBC,,,,No trusted structured position source found,
Henry Qiodravu,Fiji,2007,TBC,,,,No trusted structured position source found,
Isoa Neivua,Fiji,2007,TBC,,,,No trusted structured position source found,
Jone Railomo,Fiji,2007,TBC,,,,No trusted structured position source found,
Maleli Kunavore,Fiji,2007,TBC,,,,No trusted structured position source found,
Semisi Naevo,Fiji,2007,TBC,,,,No trusted structured position source found,
Sireli Bobo,Fiji,2007,TBC,,,,No trusted structured position source found,
Bryce Robins,Japan,2007,TBC,,,,No trusted structured position source found,
Bryce Robins,Japan,2011,TBC,,,,No trusted structured position source found,
Koji Taira,Japan,2007,TBC,,,,No trusted structured position source found,
Koji Taira,Japan,2011,TBC,,,,No trusted structured position source found,
Kosuke Endo,Japan,2007,TBC,,,,No trusted structured position source found,
Kosuke Endo,Japan,2011,TBC,,,,No trusted structured position source found,
Christian Loamanu,Japan,2007,TBC,,,,No trusted structured position source found,
Hare Makiri,Japan,2007,TBC,,,,No trusted structured position source found,
Nataniela Oto,Japan,2007,TBC,,,,No trusted structured position source found,
Philip O'Reilly,Japan,2007,TBC,,,,No trusted structured position source found,
Shotaro Onishi,Japan,2007,TBC,,,,No trusted structured position source found,
Takamichi Sasaki,Japan,2007,TBC,,,,No trusted structured position source found,
Tatsukichi Nishiura,Japan,2007,TBC,,,,No trusted structured position source found,
Tomokazu Soma,Japan,2007,TBC,,,,No trusted structured position source found,
Tomoki Kitagawa,Japan,2007,TBC,,,,No trusted structured position source found,
Yuta Imamura,Japan,2007,TBC,,,,No trusted structured position source found,
Matías Agüero,Italy,2007,TBC,,,,No trusted structured position source found,
Matías Agüero,Italy,2015,TBC,,,,No trusted structured position source found,
Matteo Pratichetti,Italy,2007,TBC,,,,No trusted structured position source found,
Matteo Pratichetti,Italy,2011,TBC,,,,No trusted structured position source found,
Josh Sole,Italy,2007,TBC,,,,No trusted structured position source found,
Kaine Robertson,Italy,2007,TBC,,,,No trusted structured position source found,
Marko Stanojevic,Italy,2007,TBC,,,,No trusted structured position source found,
Silvio Orlando,Italy,2007,TBC,,,,No trusted structured position source found,
Alesana Tuilagi,Samoa,2007,TBC,,,,No trusted structured position source found,
Alesana Tuilagi,Samoa,2011,TBC,,,,No trusted structured position source found,
Alesana Tuilagi,Samoa,2015,TBC,,,,No trusted structured position source found,
Census Johnston,Samoa,2007,TBC,,,,No trusted structured position source found,
Census Johnston,Samoa,2011,TBC,,,,No trusted structured position source found,
Census Johnston,Samoa,2015,TBC,,,,No trusted structured position source found,
David Lemi,Samoa,2007,TBC,,,,No trusted structured position source found,
David Lemi,Samoa,2011,TBC,,,,No trusted structured position source found,
Seilala Mapusua,Samoa,2007,TBC,,,,No trusted structured position source found,
Seilala Mapusua,Samoa,2011,TBC,,,,No trusted structured position source found,
Anitelea Tuilagi,Samoa,2007,TBC,,,,No trusted structured position source found,
Elvis Seveali'i,Samoa,2007,TBC,,,,No trusted structured position source found,
Fosi Pala'amo,Samoa,2007,TBC,,,,No trusted structured position source found,
Jerry Meafou,Samoa,2007,TBC,,,,No trusted structured position source found,
Justin Purdie,Samoa,2007,TBC,,,,No trusted structured position source found,
Justin Va'a,Samoa,2007,TBC,,,,No trusted structured position source found,
Muliufi Salanoa,Samoa,2007,TBC,,,,No trusted structured position source found,
Na'ama Leleimalefaga,Samoa,2007,TBC,,,,No trusted structured position source found,
Ulia Ulia,Samoa,2007,TBC,,,,No trusted structured position source found,
Hale T-Pole,Tonga,2007,TBC,,,,No trusted structured position source found,
Hale T-Pole,Tonga,2015,TBC,,,,No trusted structured position source found,
Nili Latu,Tonga,2007,TBC,,,,No trusted structured position source found,
Nili Latu,Tonga,2015,TBC,,,,No trusted structured position source found,
Soane Tongaʻuiha,Tonga,2007,TBC,,,,No trusted structured position source found,
Soane Tongaʻuiha,Tonga,2011,TBC,,,,No trusted structured position source found,
Soane Tongaʻuiha,Tonga,2015,TBC,,,,No trusted structured position source found,
Taufaʻao Filise,Tonga,2007,TBC,,,,No trusted structured position source found,
Taufaʻao Filise,Tonga,2011,TBC,,,,No trusted structured position source found,
Aisea Havili,Tonga,2007,TBC,,,,No trusted structured position source found,
Hudson Tongaʻuiha,Tonga,2007,TBC,,,,No trusted structured position source found,
Isileli Tupou,Tonga,2007,TBC,,,,No trusted structured position source found,
Joseph Wilson Vaka,Tonga,2007,TBC,,,,No trusted structured position source found,
Maama Molitika,Tonga,2007,TBC,,,,No trusted structured position source found,
Seti Kiole,Tonga,2007,TBC,,,,No trusted structured position source found,
Siosateki Havea Mataʻu,Tonga,2007,TBC,,,,No trusted structured position source found,
Toma Toke,Tonga,2007,TBC,,,,No trusted structured position source found,
Ualosi Kailea,Tonga,2007,TBC,,,,No trusted structured position source found,
Thretton Palamo,USA,2007,TBC,,,,No trusted structured position source found,
Thretton Palamo,USA,2015,TBC,,,,No trusted structured position source found,
Thretton Palamo,USA,2019,TBC,,,,No trusted structured position source found,
Matekitonga Moeakiola,USA,2007,TBC,,,,No trusted structured position source found,
Matekitonga Moeakiola,USA,2011,TBC,,,,No trusted structured position source found,
Matekitonga Moeakiola,USA,2015,TBC,,,,No trusted structured position source found,
Takudzwa Ngwenya,USA,2007,TBC,,,,No trusted structured position source found,
Takudzwa Ngwenya,USA,2011,TBC,,,,No trusted structured position source found,
Takudzwa Ngwenya,USA,2015,TBC,,,,No trusted structured position source found,
Inaki Basauri,USA,2007,TBC,,,,No trusted structured position source found,
Inaki Basauri,USA,2011,TBC,,,,No trusted structured position source found,
Albert Tuipulotu,USA,2007,TBC,,,,No trusted structured position source found,
Chris Osentowski,USA,2007,TBC,,,,No trusted structured position source found,
Jonathan Vitale,USA,2007,TBC,,,,No trusted structured position source found,
Mark Aylor,USA,2007,TBC,,,,No trusted structured position source found,
Vahafolau Esikia,USA,2007,TBC,,,,No trusted structured position source found,
D. T. H. van der Merwe,Canada,2007,TBC,,,,No trusted structured position source found,
D. T. H. van der Merwe,Canada,2011,TBC,,,,No trusted structured position source found,
D. T. H. van der Merwe,Canada,2015,TBC,,,,No trusted structured position source found,
D. T. H. van der Merwe,Canada,2019,TBC,,,,No trusted structured position source found,
Adam Kleeberger,Canada,2007,TBC,,,,No trusted structured position source found,
Adam Kleeberger,Canada,2011,TBC,,,,No trusted structured position source found,
Scott Franklin,Canada,2007,TBC,,,,No trusted structured position source found,
Scott Franklin,Canada,2011,TBC,,,,No trusted structured position source found,
Craig Culpan,Canada,2007,TBC,,,,No trusted structured position source found,
Dan Pletch,Canada,2007,TBC,,,,No trusted structured position source found,
Dave Spicer,Canada,2007,TBC,,,,No trusted structured position source found,
David Biddle,Canada,2007,TBC,,,,No trusted structured position source found,
Derek Daypuck,Canada,2007,TBC,,,,No trusted structured position source found,
Justin Mensah-Coker,Canada,2007,TBC,,,,No trusted structured position source found,
Mike Pletch,Canada,2007,TBC,,,,No trusted structured position source found,
Nick Trenkel,Canada,2007,TBC,,,,No trusted structured position source found,
Johnny Redelinghuys,Namibia,2007,TBC,,,,No trusted structured position source found,
Johnny Redelinghuys,Namibia,2011,TBC,,,,No trusted structured position source found,
Johnny Redelinghuys,Namibia,2015,TBC,,,,No trusted structured position source found,
Jané du Toit,Namibia,2007,TBC,,,,No trusted structured position source found,
Jané du Toit,Namibia,2011,TBC,,,,No trusted structured position source found,
Marius Visser,Namibia,2007,TBC,,,,No trusted structured position source found,
Marius Visser,Namibia,2011,TBC,,,,No trusted structured position source found,
Piet van Zyl,Namibia,2007,TBC,,,,No trusted structured position source found,
Piet van Zyl,Namibia,2011,TBC,,,,No trusted structured position source found,
Bratley Langenhoven,Namibia,2007,TBC,,,,No trusted structured position source found,
John Drotsky,Namibia,2007,TBC,,,,No trusted structured position source found,
Lu-Wayne Botes,Namibia,2007,TBC,,,,No trusted structured position source found,
Michael MacKenzie,Namibia,2007,TBC,,,,No trusted structured position source found,
Ryan Witbooi,Namibia,2007,TBC,,,,No trusted structured position source found,
Davit Kacharava,Georgia,2007,TBC,,,,No trusted structured position source found,
Davit Kacharava,Georgia,2011,TBC,,,,No trusted structured position source found,
Davit Kacharava,Georgia,2015,TBC,,,,No trusted structured position source found,
Davit Kacharava,Georgia,2019,TBC,,,,No trusted structured position source found,
Davit Zirakashvili,Georgia,2007,TBC,,,,No trusted structured position source found,
Davit Zirakashvili,Georgia,2011,TBC,,,,No trusted structured position source found,
Davit Zirakashvili,Georgia,2015,TBC,,,,No trusted structured position source found,
Avtandil Kopaliani,Georgia,2007,TBC,,,,No trusted structured position source found,
Besik Khamashuridze,Georgia,2007,TBC,,,,No trusted structured position source found,
David Khinchaguishvili,Georgia,2007,TBC,,,,No trusted structured position source found,
Giorgi Elizbarashvili,Georgia,2007,TBC,,,,No trusted structured position source found,
Giorgi Shkinin,Georgia,2007,TBC,,,,No trusted structured position source found,
Ilia Maissuradze,Georgia,2007,TBC,,,,No trusted structured position source found,
Mamuka Magrakvelidze,Georgia,2007,TBC,,,,No trusted structured position source found,
Rati Urushadze,Georgia,2007,TBC,,,,No trusted structured position source found,
Zviad Maissuradze,Georgia,2007,TBC,,,,No trusted structured position source found,
Csaba Gál,Romania,2007,TBC,,,,No trusted structured position source found,
Csaba Gál,Romania,2011,TBC,,,,No trusted structured position source found,
Csaba Gál,Romania,2015,TBC,,,,No trusted structured position source found,
Alexandru Manta,Romania,2007,TBC,,,,No trusted structured position source found,
Bogdan Bălan,Romania,2007,TBC,,,,No trusted structured position source found,
Costica Mersoiu,Romania,2007,TBC,,,,No trusted structured position source found,
Dan Vlad,Romania,2007,TBC,,,,No trusted structured position source found,
André Silva,Portugal,2007,TBC,,,,No trusted structured position source found,
António Aguilar,Portugal,2007,TBC,,,,No trusted structured position source found,
David Mateus,Portugal,2007,TBC,,,,No trusted structured position source found,
Diogo Coutinho,Portugal,2007,TBC,,,,No trusted structured position source found,
Diogo Gama,Portugal,2007,TBC,,,,No trusted structured position source found,
Diogo Mateus,Portugal,2007,TBC,,,,No trusted structured position source found,
Duarte Figueiredo,Portugal,2007,TBC,,,,No trusted structured position source found,
Frederico Sousa,Portugal,2007,TBC,,,,No trusted structured position source found,
Gonçalo Foro,Portugal,2007,TBC,,,,No trusted structured position source found,
João Uva,Portugal,2007,TBC,,,,No trusted structured position source found,
Juan Muré,Portugal,2007,TBC,,,,No trusted structured position source found,
Juan Severino Somoza,Portugal,2007,TBC,,,,No trusted structured position source found,
Miguel Portela,Portugal,2007,TBC,,,,No trusted structured position source found,
Paulo Murinello,Portugal,2007,TBC,,,,No trusted structured position source found,
Pedro Carvalho,Portugal,2007,TBC,,,,No trusted structured position source found,
Ruben Spachuck,Portugal,2007,TBC,,,,No trusted structured position source found,
Rui Cordeiro,Portugal,2007,TBC,,,,No trusted structured position source found,
Tiago Girão,Portugal,2007,TBC,,,,No trusted structured position source found,
Ben Franks,New Zealand,2011,TBC,,,,No trusted structured position source found,
Ben Franks,New Zealand,2015,TBC,,,,No trusted structured position source found,
Owen Franks,New Zealand,2011,TBC,,,,No trusted structured position source found,
Owen Franks,New Zealand,2015,TBC,,,,No trusted structured position source found,
Adam Thomson,New Zealand,2011,TBC,,,,No trusted structured position source found,
Hosea Gear,New Zealand,2011,TBC,,,,No trusted structured position source found,
John Afoa,New Zealand,2011,TBC,,,,No trusted structured position source found,
Richard Kahui,New Zealand,2011,TBC,,,,No trusted structured position source found,
Zac Guildford,New Zealand,2011,TBC,,,,No trusted structured position source found,
Francois Louw,South Africa,2011,TBC,,,,No trusted structured position source found,
Francois Louw,South Africa,2015,TBC,,,,No trusted structured position source found,
Francois Louw,South Africa,2019,TBC,,,,No trusted structured position source found,
Willem Alberts,South Africa,2011,TBC,,,,No trusted structured position source found,
Willem Alberts,South Africa,2015,TBC,,,,No trusted structured position source found,
Gio Aplon,South Africa,2011,TBC,,,,No trusted structured position source found,
Heinrich Brüssow,South Africa,2011,TBC,,,,No trusted structured position source found,
Juan de Jongh,South Africa,2011,TBC,,,,No trusted structured position source found,
Odwa Ndungane,South Africa,2011,TBC,,,,No trusted structured position source found,
James O'Connor,Australia,2011,TBC,,,,No trusted structured position source found,
James O'Connor,Australia,2019,TBC,,,,No trusted structured position source found,
Rob Horne,Australia,2011,TBC,,,,No trusted structured position source found,
Rob Horne,Australia,2015,TBC,,,,No trusted structured position source found,
Anthony Fainga'a,Australia,2011,TBC,,,,No trusted structured position source found,
Ben Alexander,Australia,2011,TBC,,,,No trusted structured position source found,
Digby Ioane,Australia,2011,TBC,,,,No trusted structured position source found,
Lachlan Turner,Australia,2011,TBC,,,,No trusted structured position source found,
Matt Hodgson,Australia,2011,TBC,,,,No trusted structured position source found,
Pat McCabe,Australia,2011,TBC,,,,No trusted structured position source found,
Salesi Ma'afu,Australia,2011,TBC,,,,No trusted structured position source found,
Scott Higginbotham,Australia,2011,TBC,,,,No trusted structured position source found,
James Haskell,England,2011,TBC,,,,No trusted structured position source found,
James Haskell,England,2015,TBC,,,,No trusted structured position source found,
Tom Wood,England,2011,TBC,,,,No trusted structured position source found,
Tom Wood,England,2015,TBC,,,,No trusted structured position source found,
Alex Corbisiero,England,2011,TBC,,,,No trusted structured position source found,
Chris Ashton,England,2011,TBC,,,,No trusted structured position source found,
Dave Wilson,England,2011,TBC,,,,No trusted structured position source found,
Delon Armitage,England,2011,TBC,,,,No trusted structured position source found,
Matt Banahan,England,2011,TBC,,,,No trusted structured position source found,
Shontayne Hape,England,2011,TBC,,,,No trusted structured position source found,
Tom Croft,England,2011,TBC,,,,No trusted structured position source found,
Fulgence Ouedraogo,France,2011,TBC,,,,No trusted structured position source found,
Fulgence Ouedraogo,France,2015,TBC,,,,No trusted structured position source found,
Alexis Palisson,France,2011,TBC,,,,No trusted structured position source found,
Fabien Barcella,France,2011,TBC,,,,No trusted structured position source found,
Fabrice Estebanez,France,2011,TBC,,,,No trusted structured position source found,
Luc Ducalcon,France,2011,TBC,,,,No trusted structured position source found,
Maxime Mermoz,France,2011,TBC,,,,No trusted structured position source found,
Mike Ross,Ireland,2011,TBC,,,,No trusted structured position source found,
Mike Ross,Ireland,2015,TBC,,,,No trusted structured position source found,
Seán O'Brien,Ireland,2011,TBC,,,,No trusted structured position source found,
Seán O'Brien,Ireland,2015,TBC,,,,No trusted structured position source found,
Tommy Bowe,Ireland,2011,TBC,,,,No trusted structured position source found,
Tommy Bowe,Ireland,2015,TBC,,,,No trusted structured position source found,
Fergus McFadden,Ireland,2011,TBC,,,,No trusted structured position source found,
Shane Jennings,Ireland,2011,TBC,,,,No trusted structured position source found,
Tom Court,Ireland,2011,TBC,,,,No trusted structured position source found,
Tony Buckley,Ireland,2011,TBC,,,,No trusted structured position source found,
Dan Lydiate,Wales,2011,TBC,,,,No trusted structured position source found,
Dan Lydiate,Wales,2015,TBC,,,,No trusted structured position source found,
Dan Lydiate,Wales,2023,TBC,,,,No trusted structured position source found,
Scott Williams,Wales,2011,TBC,,,,No trusted structured position source found,
Scott Williams,Wales,2015,TBC,,,,No trusted structured position source found,
Aled Brew,Wales,2011,TBC,,,,No trusted structured position source found,
Craig Mitchell,Wales,2011,TBC,,,,No trusted structured position source found,
Ryan Bevington,Wales,2011,TBC,,,,No trusted structured position source found,
Ryan Jones,Wales,2011,TBC,,,,No trusted structured position source found,
Alasdair Strokosch,Scotland,2011,TBC,,,,No trusted structured position source found,
Alasdair Strokosch,Scotland,2015,TBC,,,,No trusted structured position source found,
Geoff Cross,Scotland,2011,TBC,,,,No trusted structured position source found,
Graeme Morrison,Scotland,2011,TBC,,,,No trusted structured position source found,
Joe Ansbro,Scotland,2011,TBC,,,,No trusted structured position source found,
Max Evans,Scotland,2011,TBC,,,,No trusted structured position source found,
Moray Low,Scotland,2011,TBC,,,,No trusted structured position source found,
Nick De Luca,Scotland,2011,TBC,,,,No trusted structured position source found,
Ross Rennie,Scotland,2011,TBC,,,,No trusted structured position source found,
Juan Figallo,Argentina,2011,TBC,,,,No trusted structured position source found,
Juan Figallo,Argentina,2015,TBC,,,,No trusted structured position source found,
Juan Figallo,Argentina,2019,TBC,,,,No trusted structured position source found,
Juan Imhoff,Argentina,2011,TBC,,,,No trusted structured position source found,
Juan Imhoff,Argentina,2015,TBC,,,,No trusted structured position source found,
Juan Imhoff,Argentina,2023,TBC,,,,No trusted structured position source found,
Marcelo Bosch,Argentina,2011,TBC,,,,No trusted structured position source found,
Marcelo Bosch,Argentina,2015,TBC,,,,No trusted structured position source found,
Agustin Gosio,Argentina,2011,TBC,,,,No trusted structured position source found,
Alejandro Campos,Argentina,2011,TBC,,,,No trusted structured position source found,
Genaro Fessia,Argentina,2011,TBC,,,,No trusted structured position source found,
Gonzalo Camacho,Argentina,2011,TBC,,,,No trusted structured position source found,
Julio Farías Cabello,Argentina,2011,TBC,,,,No trusted structured position source found,
Maximiliano Bustos,Argentina,2011,TBC,,,,No trusted structured position source found,
Campese Ma'afu,Fiji,2011,TBC,,,,No trusted structured position source found,
Campese Ma'afu,Fiji,2015,TBC,,,,No trusted structured position source found,
Campese Ma'afu,Fiji,2019,TBC,,,,No trusted structured position source found,
Dominiko Waqaniburotu,Fiji,2011,TBC,,,,No trusted structured position source found,
Dominiko Waqaniburotu,Fiji,2015,TBC,,,,No trusted structured position source found,
Dominiko Waqaniburotu,Fiji,2019,TBC,,,,No trusted structured position source found,
Vereniki Goneva,Fiji,2011,TBC,,,,No trusted structured position source found,
Vereniki Goneva,Fiji,2015,TBC,,,,No trusted structured position source found,
Vereniki Goneva,Fiji,2019,TBC,,,,No trusted structured position source found,
Malakai Ravulo,Fiji,2011,TBC,,,,No trusted structured position source found,
Malakai Ravulo,Fiji,2015,TBC,,,,No trusted structured position source found,
Albert Vulivuli,Fiji,2011,TBC,,,,No trusted structured position source found,
Deacon Manu,Fiji,2011,TBC,,,,No trusted structured position source found,
Michael Tagicakibau,Fiji,2011,TBC,,,,No trusted structured position source found,
Napolioni Nalaga,Fiji,2011,TBC,,,,No trusted structured position source found,
Ravai Fatiaki,Fiji,2011,TBC,,,,No trusted structured position source found,
Setefano Somoca,Fiji,2011,TBC,,,,No trusted structured position source found,
Waisea Daveta,Fiji,2011,TBC,,,,No trusted structured position source found,
Michael Leitch,Japan,2011,TBC,,,,No trusted structured position source found,
Michael Leitch,Japan,2015,TBC,,,,No trusted structured position source found,
Michael Leitch,Japan,2019,TBC,,,,No trusted structured position source found,
Michael Leitch,Japan,2023,TBC,,,,No trusted structured position source found,
Kensuke Hatakeyama,Japan,2011,TBC,,,,No trusted structured position source found,
Kensuke Hatakeyama,Japan,2015,TBC,,,,No trusted structured position source found,
Alisi Tupuailei,Japan,2011,TBC,,,,No trusted structured position source found,
Hisateru Hirashima,Japan,2011,TBC,,,,No trusted structured position source found,
Naoki Kawamata,Japan,2011,TBC,,,,No trusted structured position source found,
Nozomu Fujita,Japan,2011,TBC,,,,No trusted structured position source found,
Ryan Nicholas,Japan,2011,TBC,,,,No trusted structured position source found,
Sione Vatuvei,Japan,2011,TBC,,,,No trusted structured position source found,
Takashi Kikutani,Japan,2011,TBC,,,,No trusted structured position source found,
Takehisa Usuzuki,Japan,2011,TBC,,,,No trusted structured position source found,
Tommaso Benvenuti,Italy,2011,TBC,,,,No trusted structured position source found,
Tommaso Benvenuti,Italy,2015,TBC,,,,No trusted structured position source found,
Tommaso Benvenuti,Italy,2019,TBC,,,,No trusted structured position source found,
Gonzalo García,Italy,2011,TBC,,,,No trusted structured position source found,
Gonzalo García,Italy,2015,TBC,,,,No trusted structured position source found,
Lorenzo Cittadini,Italy,2011,TBC,,,,No trusted structured position source found,
Lorenzo Cittadini,Italy,2015,TBC,,,,No trusted structured position source found,
Alberto Sgarbi,Italy,2011,TBC,,,,No trusted structured position source found,
Giulio Toniolatti,Italy,2011,TBC,,,,No trusted structured position source found,
Paul Derbyshire,Italy,2011,TBC,,,,No trusted structured position source found,
Robert Barbieri,Italy,2011,TBC,,,,No trusted structured position source found,
Logovi'i Mulipola,Samoa,2011,TBC,,,,No trusted structured position source found,
Logovi'i Mulipola,Samoa,2019,TBC,,,,No trusted structured position source found,
Anthony Perenise,Samoa,2011,TBC,,,,No trusted structured position source found,
Anthony Perenise,Samoa,2015,TBC,,,,No trusted structured position source found,
George Pisi,Samoa,2011,TBC,,,,No trusted structured position source found,
George Pisi,Samoa,2015,TBC,,,,No trusted structured position source found,
Johnny Leota,Samoa,2011,TBC,,,,No trusted structured position source found,
Johnny Leota,Samoa,2015,TBC,,,,No trusted structured position source found,
Ofisa Treviranus,Samoa,2011,TBC,,,,No trusted structured position source found,
Ofisa Treviranus,Samoa,2015,TBC,,,,No trusted structured position source found,
Sakaria Taulafo,Samoa,2011,TBC,,,,No trusted structured position source found,
Sakaria Taulafo,Samoa,2015,TBC,,,,No trusted structured position source found,
Manaia Salavea,Samoa,2011,TBC,,,,No trusted structured position source found,
Taiasina Tuifu'a,Samoa,2011,TBC,,,,No trusted structured position source found,
Siale Piutau,Tonga,2011,TBC,,,,No trusted structured position source found,
Siale Piutau,Tonga,2015,TBC,,,,No trusted structured position source found,
Siale Piutau,Tonga,2019,TBC,,,,No trusted structured position source found,
Sione Kalamafoni,Tonga,2011,TBC,,,,No trusted structured position source found,
Sione Kalamafoni,Tonga,2015,TBC,,,,No trusted structured position source found,
Sione Kalamafoni,Tonga,2019,TBC,,,,No trusted structured position source found,
Fetuʻu Vainikolo,Tonga,2011,TBC,,,,No trusted structured position source found,
Fetuʻu Vainikolo,Tonga,2015,TBC,,,,No trusted structured position source found,
Halani Aulika,Tonga,2011,TBC,,,,No trusted structured position source found,
Halani Aulika,Tonga,2015,TBC,,,,No trusted structured position source found,
Sona Taumalolo,Tonga,2011,TBC,,,,No trusted structured position source found,
Sona Taumalolo,Tonga,2015,TBC,,,,No trusted structured position source found,
William Helu,Tonga,2011,TBC,,,,No trusted structured position source found,
William Helu,Tonga,2015,TBC,,,,No trusted structured position source found,
Alaska Taufa,Tonga,2011,TBC,,,,No trusted structured position source found,
Alipate Fatafehi,Tonga,2011,TBC,,,,No trusted structured position source found,
Andrew Maʻilei,Tonga,2011,TBC,,,,No trusted structured position source found,
Sione Vaiomoʻunga,Tonga,2011,TBC,,,,No trusted structured position source found,
Eric Fry,USA,2011,TBC,,,,No trusted structured position source found,
Eric Fry,USA,2015,TBC,,,,No trusted structured position source found,
Eric Fry,USA,2019,TBC,,,,No trusted structured position source found,
Andrew Suniula,USA,2011,TBC,,,,No trusted structured position source found,
Andrew Suniula,USA,2015,TBC,,,,No trusted structured position source found,
Colin Hawley,USA,2011,TBC,,,,No trusted structured position source found,
James Paterson,USA,2011,TBC,,,,No trusted structured position source found,
Junior Sifa,USA,2011,TBC,,,,No trusted structured position source found,
Kevin Swiryn,USA,2011,TBC,,,,No trusted structured position source found,
Pat Danahy,USA,2011,TBC,,,,No trusted structured position source found,
Shawn Pittman,USA,2011,TBC,,,,No trusted structured position source found,
Tai Enosa,USA,2011,TBC,,,,No trusted structured position source found,
Ciaran Hearn,Canada,2011,TBC,,,,No trusted structured position source found,
Ciaran Hearn,Canada,2015,TBC,,,,No trusted structured position source found,
Ciaran Hearn,Canada,2019,TBC,,,,No trusted structured position source found,
Conor Trainor,Canada,2011,TBC,,,,No trusted structured position source found,
Conor Trainor,Canada,2015,TBC,,,,No trusted structured position source found,
Conor Trainor,Canada,2019,TBC,,,,No trusted structured position source found,
Hubert Buydens,Canada,2011,TBC,,,,No trusted structured position source found,
Hubert Buydens,Canada,2015,TBC,,,,No trusted structured position source found,
Hubert Buydens,Canada,2019,TBC,,,,No trusted structured position source found,
Taylor Paris,Canada,2011,TBC,,,,No trusted structured position source found,
Taylor Paris,Canada,2019,TBC,,,,No trusted structured position source found,
Andrew Tiedemann,Canada,2011,TBC,,,,No trusted structured position source found,
Andrew Tiedemann,Canada,2015,TBC,,,,No trusted structured position source found,
Jebb Sinclair,Canada,2011,TBC,,,,No trusted structured position source found,
Jebb Sinclair,Canada,2015,TBC,,,,No trusted structured position source found,
Nanyak Dala,Canada,2011,TBC,,,,No trusted structured position source found,
Nanyak Dala,Canada,2015,TBC,,,,No trusted structured position source found,
Phil Mackenzie,Canada,2011,TBC,,,,No trusted structured position source found,
Phil Mackenzie,Canada,2015,TBC,,,,No trusted structured position source found,
Chauncey O'Toole,Canada,2011,TBC,,,,No trusted structured position source found,
Frank Walsh,Canada,2011,TBC,,,,No trusted structured position source found,
Jason Marshall,Canada,2011,TBC,,,,No trusted structured position source found,
Mike Scholz,Canada,2011,TBC,,,,No trusted structured position source found,
Darryl de la Harpe,Namibia,2011,TBC,,,,No trusted structured position source found,
Darryl de la Harpe,Namibia,2015,TBC,,,,No trusted structured position source found,
Darryl de la Harpe,Namibia,2019,TBC,,,,No trusted structured position source found,
Rohan Kitshoff,Namibia,2011,TBC,,,,No trusted structured position source found,
Rohan Kitshoff,Namibia,2015,TBC,,,,No trusted structured position source found,
Rohan Kitshoff,Namibia,2019,TBC,,,,No trusted structured position source found,
Conrad Marais,Namibia,2011,TBC,,,,No trusted structured position source found,
Conrad Marais,Namibia,2015,TBC,,,,No trusted structured position source found,
Danie van Wyk,Namibia,2011,TBC,,,,No trusted structured position source found,
Danie van Wyk,Namibia,2015,TBC,,,,No trusted structured position source found,
David Philander,Namibia,2011,TBC,,,,No trusted structured position source found,
David Philander,Namibia,2015,TBC,,,,No trusted structured position source found,
Raoul Larson,Namibia,2011,TBC,,,,No trusted structured position source found,
Raoul Larson,Namibia,2015,TBC,,,,No trusted structured position source found,
Llewellyn Winckler,Namibia,2011,TBC,,,,No trusted structured position source found,
McGrath van Wyk,Namibia,2011,TBC,,,,No trusted structured position source found,
Renaud van Neel,Namibia,2011,TBC,,,,No trusted structured position source found,
Alexander Todua,Georgia,2011,TBC,,,,No trusted structured position source found,
Alexander Todua,Georgia,2015,TBC,,,,No trusted structured position source found,
Alexander Todua,Georgia,2019,TBC,,,,No trusted structured position source found,
Alexander Todua,Georgia,2023,TBC,,,,No trusted structured position source found,
Davit Kubriashvili,Georgia,2011,TBC,,,,No trusted structured position source found,
Davit Kubriashvili,Georgia,2015,TBC,,,,No trusted structured position source found,
Viktor Kolelishvili,Georgia,2011,TBC,,,,No trusted structured position source found,
Viktor Kolelishvili,Georgia,2015,TBC,,,,No trusted structured position source found,
Davit Khinchagishvili,Georgia,2011,TBC,,,,No trusted structured position source found,
Givi Berishvili,Georgia,2011,TBC,,,,No trusted structured position source found,
Irakli Chkhikvadze,Georgia,2011,TBC,,,,No trusted structured position source found,
Lexo Gugava,Georgia,2011,TBC,,,,No trusted structured position source found,
Vasil Kakovin,Georgia,2011,TBC,,,,No trusted structured position source found,
Mihai Macovei,Romania,2011,TBC,,,,No trusted structured position source found,
Mihai Macovei,Romania,2015,TBC,,,,No trusted structured position source found,
Mihai Macovei,Romania,2023,TBC,,,,No trusted structured position source found,
Adrian Apostol,Romania,2011,TBC,,,,No trusted structured position source found,
Adrian Apostol,Romania,2015,TBC,,,,No trusted structured position source found,
Mădălin Lemnaru,Romania,2011,TBC,,,,No trusted structured position source found,
Mădălin Lemnaru,Romania,2015,TBC,,,,No trusted structured position source found,
Stelian Burcea,Romania,2011,TBC,,,,No trusted structured position source found,
Stelian Burcea,Romania,2015,TBC,,,,No trusted structured position source found,
Constantin Gheară,Romania,2011,TBC,,,,No trusted structured position source found,
Daniel Ianuș,Romania,2011,TBC,,,,No trusted structured position source found,
Ionel Cazan,Romania,2011,TBC,,,,No trusted structured position source found,
Mihaita Lazăr,Romania,2011,TBC,,,,No trusted structured position source found,
Nicolae Nere,Romania,2011,TBC,,,,No trusted structured position source found,
Ștefan Ciuntu,Romania,2011,TBC,,,,No trusted structured position source found,
Denis Simplikevich,Russia,2011,TBC,,,,No trusted structured position source found,
Denis Simplikevich,Russia,2019,TBC,,,,No trusted structured position source found,
Vladimir Ostroushko,Russia,2011,TBC,,,,No trusted structured position source found,
Vladimir Ostroushko,Russia,2019,TBC,,,,No trusted structured position source found,
Alexander Khrokin,Russia,2011,TBC,,,,No trusted structured position source found,
Alexei Travkin,Russia,2011,TBC,,,,No trusted structured position source found,
Alexey Makovetskiy,Russia,2011,TBC,,,,No trusted structured position source found,
Andrey Kuzin,Russia,2011,TBC,,,,No trusted structured position source found,
Artem Fatakhov,Russia,2011,TBC,,,,No trusted structured position source found,
Ivan Prishchepenko,Russia,2011,TBC,,,,No trusted structured position source found,
Mikhail Babaev,Russia,2011,TBC,,,,No trusted structured position source found,
Mikhail Sidorov,Russia,2011,TBC,,,,No trusted structured position source found,
Sergey Popov,Russia,2011,TBC,,,,No trusted structured position source found,
Sergey Trishin,Russia,2011,TBC,,,,No trusted structured position source found,
Vasily Artemiev,Russia,2011,TBC,,,,No trusted structured position source found,
Charlie Faumuina,New Zealand,2015,TBC,,,,No trusted structured position source found,
Liam Messam,New Zealand,2015,TBC,,,,No trusted structured position source found,
Malakai Fekitoa,New Zealand,2015,TBC,,,,No trusted structured position source found,
Nehe Milner-Skudder,New Zealand,2015,TBC,,,,No trusted structured position source found,
Pauliasi Manu,New Zealand,2015,TBC,,,,No trusted structured position source found,
Waisake Naholo,New Zealand,2015,TBC,,,,No trusted structured position source found,
Wyatt Crockett,New Zealand,2015,TBC,,,,No trusted structured position source found,
Coenie Oosthuizen,South Africa,2015,TBC,,,,No trusted structured position source found,
Jan Serfontein,South Africa,2015,TBC,,,,No trusted structured position source found,
Lwazi Mvovo,South Africa,2015,TBC,,,,No trusted structured position source found,
Matt To'omua,Australia,2015,TBC,,,,No trusted structured position source found,
Matt To'omua,Australia,2019,TBC,,,,No trusted structured position source found,
Henry Speight,Australia,2015,TBC,,,,No trusted structured position source found,
Joe Tomane,Australia,2015,TBC,,,,No trusted structured position source found,
Scott Fardy,Australia,2015,TBC,,,,No trusted structured position source found,
Sean McMahon,Australia,2015,TBC,,,,No trusted structured position source found,
Toby Smith,Australia,2015,TBC,,,,No trusted structured position source found,
Henry Slade,England,2015,TBC,,,,No trusted structured position source found,
Henry Slade,England,2019,TBC,,,,No trusted structured position source found,
Jack Nowell,England,2015,TBC,,,,No trusted structured position source found,
Jack Nowell,England,2019,TBC,,,,No trusted structured position source found,
Jonathan Joseph,England,2015,TBC,,,,No trusted structured position source found,
Jonathan Joseph,England,2019,TBC,,,,No trusted structured position source found,
Ben Morgan,England,2015,TBC,,,,No trusted structured position source found,
Brad Barritt,England,2015,TBC,,,,No trusted structured position source found,
David Wilson,England,2015,TBC,,,,No trusted structured position source found,
Kieran Brookes,England,2015,TBC,,,,No trusted structured position source found,
Sam Burgess,England,2015,TBC,,,,No trusted structured position source found,
Bernard Le Roux,France,2015,TBC,,,,No trusted structured position source found,
Bernard Le Roux,France,2019,TBC,,,,No trusted structured position source found,
Sofiane Guitoune,France,2015,TBC,,,,No trusted structured position source found,
Sofiane Guitoune,France,2019,TBC,,,,No trusted structured position source found,
Yoann Huget,France,2015,TBC,,,,No trusted structured position source found,
Yoann Huget,France,2019,TBC,,,,No trusted structured position source found,
Alexandre Dumoulin,France,2015,TBC,,,,No trusted structured position source found,
Damien Chouly,France,2015,TBC,,,,No trusted structured position source found,
Eddy Ben Arous,France,2015,TBC,,,,No trusted structured position source found,
Noa Nakaitaci,France,2015,TBC,,,,No trusted structured position source found,
Rémy Grosso,France,2015,TBC,,,,No trusted structured position source found,
Vincent Debaty,France,2015,TBC,,,,No trusted structured position source found,
Jordi Murphy,Ireland,2015,TBC,,,,No trusted structured position source found,
Jordi Murphy,Ireland,2019,TBC,,,,No trusted structured position source found,
Rhys Ruddock,Ireland,2015,TBC,,,,No trusted structured position source found,
Rhys Ruddock,Ireland,2019,TBC,,,,No trusted structured position source found,
Chris Henry,Ireland,2015,TBC,,,,No trusted structured position source found,
Darren Cave,Ireland,2015,TBC,,,,No trusted structured position source found,
Dave Kearney,Ireland,2015,TBC,,,,No trusted structured position source found,
Jack McGrath,Ireland,2015,TBC,,,,No trusted structured position source found,
Jared Payne,Ireland,2015,TBC,,,,No trusted structured position source found,
Luke Fitzgerald,Ireland,2015,TBC,,,,No trusted structured position source found,
Nathan White,Ireland,2015,TBC,,,,No trusted structured position source found,
Hallam Amos,Wales,2015,TBC,,,,No trusted structured position source found,
Hallam Amos,Wales,2019,TBC,,,,No trusted structured position source found,
Ross Moriarty,Wales,2015,TBC,,,,No trusted structured position source found,
Ross Moriarty,Wales,2019,TBC,,,,No trusted structured position source found,
Aaron Jarvis,Wales,2015,TBC,,,,No trusted structured position source found,
Alex Cuthbert,Wales,2015,TBC,,,,No trusted structured position source found,
Cory Allen,Wales,2015,TBC,,,,No trusted structured position source found,
Eli Walker,Wales,2015,TBC,,,,No trusted structured position source found,
James King,Wales,2015,TBC,,,,No trusted structured position source found,
Samson Lee,Wales,2015,TBC,,,,No trusted structured position source found,
Tyler Morgan,Wales,2015,TBC,,,,No trusted structured position source found,
Gordon Reid,Scotland,2015,TBC,,,,No trusted structured position source found,
Gordon Reid,Scotland,2019,TBC,,,,No trusted structured position source found,
Peter Horne,Scotland,2015,TBC,,,,No trusted structured position source found,
Peter Horne,Scotland,2019,TBC,,,,No trusted structured position source found,
Ryan Wilson,Scotland,2015,TBC,,,,No trusted structured position source found,
Ryan Wilson,Scotland,2019,TBC,,,,No trusted structured position source found,
Tommy Seymour,Scotland,2015,TBC,,,,No trusted structured position source found,
Tommy Seymour,Scotland,2019,TBC,,,,No trusted structured position source found,
Blair Cowan,Scotland,2015,TBC,,,,No trusted structured position source found,
David Denton,Scotland,2015,TBC,,,,No trusted structured position source found,
John Hardie,Scotland,2015,TBC,,,,No trusted structured position source found,
Jon Welsh,Scotland,2015,TBC,,,,No trusted structured position source found,
Josh Strauss,Scotland,2015,TBC,,,,No trusted structured position source found,
Mark Bennett,Scotland,2015,TBC,,,,No trusted structured position source found,
Matt Scott,Scotland,2015,TBC,,,,No trusted structured position source found,
Ryan Grant,Scotland,2015,TBC,,,,No trusted structured position source found,
Tim Visser,Scotland,2015,TBC,,,,No trusted structured position source found,
Javier Ortega Desio,Argentina,2015,TBC,,,,No trusted structured position source found,
Javier Ortega Desio,Argentina,2019,TBC,,,,No trusted structured position source found,
Jerónimo de la Fuente,Argentina,2015,TBC,,,,No trusted structured position source found,
Jerónimo de la Fuente,Argentina,2019,TBC,,,,No trusted structured position source found,
Jerónimo de la Fuente,Argentina,2023,TBC,,,,No trusted structured position source found,
Matías Moroni,Argentina,2015,TBC,,,,No trusted structured position source found,
Matías Moroni,Argentina,2019,TBC,,,,No trusted structured position source found,
Matías Moroni,Argentina,2023,TBC,,,,No trusted structured position source found,
Nahuel Tetaz Chaparro,Argentina,2015,TBC,,,,No trusted structured position source found,
Nahuel Tetaz Chaparro,Argentina,2019,TBC,,,,No trusted structured position source found,
Nahuel Tetaz Chaparro,Argentina,2023,TBC,,,,No trusted structured position source found,
Pablo Matera,Argentina,2015,TBC,,,,No trusted structured position source found,
Pablo Matera,Argentina,2019,TBC,,,,No trusted structured position source found,
Pablo Matera,Argentina,2023,TBC,,,,No trusted structured position source found,
Facundo Isa,Argentina,2015,TBC,,,,No trusted structured position source found,
Facundo Isa,Argentina,2023,TBC,,,,No trusted structured position source found,
Juan Pablo Orlandi,Argentina,2015,TBC,,,,No trusted structured position source found,
Juan Pablo Socino,Argentina,2015,TBC,,,,No trusted structured position source found,
Lucas Noguera Paz,Argentina,2015,TBC,,,,No trusted structured position source found,
Ramiro Herrera,Argentina,2015,TBC,,,,No trusted structured position source found,
Santiago Cordero,Argentina,2015,TBC,,,,No trusted structured position source found,
Santiago García Botta,Argentina,2015,TBC,,,,No trusted structured position source found,
Lee Roy Atalifo,Fiji,2015,TBC,,,,No trusted structured position source found,
Lee Roy Atalifo,Fiji,2019,TBC,,,,No trusted structured position source found,
Levani Botia,Fiji,2015,TBC,,,,No trusted structured position source found,
Levani Botia,Fiji,2019,TBC,,,,No trusted structured position source found,
Levani Botia,Fiji,2023,TBC,,,,No trusted structured position source found,
Manasa Saulo,Fiji,2015,TBC,,,,No trusted structured position source found,
Manasa Saulo,Fiji,2019,TBC,,,,No trusted structured position source found,
Peceli Yato,Fiji,2015,TBC,,,,No trusted structured position source found,
Peceli Yato,Fiji,2019,TBC,,,,No trusted structured position source found,
Peni Ravai,Fiji,2015,TBC,,,,No trusted structured position source found,
Peni Ravai,Fiji,2019,TBC,,,,No trusted structured position source found,
Peni Ravai,Fiji,2023,TBC,,,,No trusted structured position source found,
Waisea Nayacalevu,Fiji,2015,TBC,,,,No trusted structured position source found,
Waisea Nayacalevu,Fiji,2019,TBC,,,,No trusted structured position source found,
Waisea Nayacalevu,Fiji,2023,TBC,,,,No trusted structured position source found,
Asaeli Tikoirotuma,Fiji,2015,TBC,,,,No trusted structured position source found,
Isei Colati,Fiji,2015,TBC,,,,No trusted structured position source found,
Nemani Nadolo,Fiji,2015,TBC,,,,No trusted structured position source found,
Taniela Koroi,Fiji,2015,TBC,,,,No trusted structured position source found,
Timoci Nagusa,Fiji,2015,TBC,,,,No trusted structured position source found,
Amanaki Mafi,Japan,2015,TBC,,,,No trusted structured position source found,
Amanaki Mafi,Japan,2019,TBC,,,,No trusted structured position source found,
Hendrik Tui,Japan,2015,TBC,,,,No trusted structured position source found,
Hendrik Tui,Japan,2019,TBC,,,,No trusted structured position source found,
Keita Inagaki,Japan,2015,TBC,,,,No trusted structured position source found,
Keita Inagaki,Japan,2019,TBC,,,,No trusted structured position source found,
Keita Inagaki,Japan,2023,TBC,,,,No trusted structured position source found,
Kenki Fukuoka,Japan,2015,TBC,,,,No trusted structured position source found,
Kenki Fukuoka,Japan,2019,TBC,,,,No trusted structured position source found,
Akihito Yamada,Japan,2015,TBC,,,,No trusted structured position source found,
Craig Wing,Japan,2015,TBC,,,,No trusted structured position source found,
Hiroshi Yamashita,Japan,2015,TBC,,,,No trusted structured position source found,
Justin Ives,Japan,2015,TBC,,,,No trusted structured position source found,
Karne Hesketh,Japan,2015,TBC,,,,No trusted structured position source found,
Koliniasi Holani,Japan,2015,TBC,,,,No trusted structured position source found,
Male Sa'u,Japan,2015,TBC,,,,No trusted structured position source found,
Masataka Mikami,Japan,2015,TBC,,,,No trusted structured position source found,
Michael Broadhurst,Japan,2015,TBC,,,,No trusted structured position source found,
Toshiaki Hirose,Japan,2015,TBC,,,,No trusted structured position source found,
Yoshikazu Fujita,Japan,2015,TBC,,,,No trusted structured position source found,
Andrea Lovotti,Italy,2015,TBC,,,,No trusted structured position source found,
Andrea Lovotti,Italy,2019,TBC,,,,No trusted structured position source found,
Michele Campagnaro,Italy,2015,TBC,,,,No trusted structured position source found,
Michele Campagnaro,Italy,2019,TBC,,,,No trusted structured position source found,
Alberto De Marchi,Italy,2015,TBC,,,,No trusted structured position source found,
Dario Chistolini,Italy,2015,TBC,,,,No trusted structured position source found,
Enrico Bacchin,Italy,2015,TBC,,,,No trusted structured position source found,
Francesco Minto,Italy,2015,TBC,,,,No trusted structured position source found,
Giovanbattista Venditti,Italy,2015,TBC,,,,No trusted structured position source found,
Leonardo Sarto,Italy,2015,TBC,,,,No trusted structured position source found,
Michele Rizzo,Italy,2015,TBC,,,,No trusted structured position source found,
Michele Visentin,Italy,2015,TBC,,,,No trusted structured position source found,
Samuela Vunisa,Italy,2015,TBC,,,,No trusted structured position source found,
Simone Favaro,Italy,2015,TBC,,,,No trusted structured position source found,
Jack Lam,Samoa,2015,TBC,,,,No trusted structured position source found,
Jack Lam,Samoa,2019,TBC,,,,No trusted structured position source found,
Rey Lee-Lo,Samoa,2015,TBC,,,,No trusted structured position source found,
Rey Lee-Lo,Samoa,2019,TBC,,,,No trusted structured position source found,
TJ Ioane,Samoa,2015,TBC,,,,No trusted structured position source found,
TJ Ioane,Samoa,2019,TBC,,,,No trusted structured position source found,
Alafoti Faosiliva,Samoa,2015,TBC,,,,No trusted structured position source found,
Fa'atoina Autagavaia,Samoa,2015,TBC,,,,No trusted structured position source found,
Faifili Levave,Samoa,2015,TBC,,,,No trusted structured position source found,
Jake Grey,Samoa,2015,TBC,,,,No trusted structured position source found,
Ken Pisi,Samoa,2015,TBC,,,,No trusted structured position source found,
Paul Perez,Samoa,2015,TBC,,,,No trusted structured position source found,
Sanele Vavae Tuilagi,Samoa,2015,TBC,,,,No trusted structured position source found,
Viliamu Afatia,Samoa,2015,TBC,,,,No trusted structured position source found,
Jack Ram,Tonga,2015,TBC,,,,No trusted structured position source found,
Opeti Fonua,Tonga,2015,TBC,,,,No trusted structured position source found,
Sila Puafisi,Tonga,2015,TBC,,,,No trusted structured position source found,
Sione Piukala,Tonga,2015,TBC,,,,No trusted structured position source found,
Tevita Mailau,Tonga,2015,TBC,,,,No trusted structured position source found,
Viliami Tahituʻa,Tonga,2015,TBC,,,,No trusted structured position source found,
John Quill,USA,2015,TBC,,,,No trusted structured position source found,
John Quill,USA,2019,TBC,,,,No trusted structured position source found,
Olive Kilifi,USA,2015,TBC,,,,No trusted structured position source found,
Olive Kilifi,USA,2019,TBC,,,,No trusted structured position source found,
Titi Lamositele,USA,2015,TBC,,,,No trusted structured position source found,
Titi Lamositele,USA,2019,TBC,,,,No trusted structured position source found,
Alastair McFarland,USA,2015,TBC,,,,No trusted structured position source found,
Andrew Durutalo,USA,2015,TBC,,,,No trusted structured position source found,
Brett Thompson,USA,2015,TBC,,,,No trusted structured position source found,
Chris Baumann,USA,2015,TBC,,,,No trusted structured position source found,
Danny Barrett,USA,2015,TBC,,,,No trusted structured position source found,
Folau Niua,USA,2015,TBC,,,,No trusted structured position source found,
Matt Trouville,USA,2015,TBC,,,,No trusted structured position source found,
Samu Manoa,USA,2015,TBC,,,,No trusted structured position source found,
Seamus Kelly,USA,2015,TBC,,,,No trusted structured position source found,
Zack Test,USA,2015,TBC,,,,No trusted structured position source found,
Djustice Sears-Duru,Canada,2015,TBC,,,,No trusted structured position source found,
Djustice Sears-Duru,Canada,2019,TBC,,,,No trusted structured position source found,
Jake Ilnicki,Canada,2015,TBC,,,,No trusted structured position source found,
Jake Ilnicki,Canada,2019,TBC,,,,No trusted structured position source found,
Jeff Hassler,Canada,2015,TBC,,,,No trusted structured position source found,
Jeff Hassler,Canada,2019,TBC,,,,No trusted structured position source found,
Nick Blevins,Canada,2015,TBC,,,,No trusted structured position source found,
Nick Blevins,Canada,2019,TBC,,,,No trusted structured position source found,
Tyler Ardron,Canada,2015,TBC,,,,No trusted structured position source found,
Tyler Ardron,Canada,2019,TBC,,,,No trusted structured position source found,
Connor Braid,Canada,2015,TBC,,,,No trusted structured position source found,
Doug Wooldridge,Canada,2015,TBC,,,,No trusted structured position source found,
John Moonlight,Canada,2015,TBC,,,,No trusted structured position source found,
Kyle Gilmour,Canada,2015,TBC,,,,No trusted structured position source found,
Richard Thorpe,Canada,2015,TBC,,,,No trusted structured position source found,
Alejandro Nieto,Uruguay,2015,TBC,,,,No trusted structured position source found,
Alejandro Nieto,Uruguay,2019,TBC,,,,No trusted structured position source found,
Andrés Vilaseca,Uruguay,2015,TBC,,,,No trusted structured position source found,
Andrés Vilaseca,Uruguay,2019,TBC,,,,No trusted structured position source found,
Andrés Vilaseca,Uruguay,2023,TBC,,,,No trusted structured position source found,
Juan Manuel Gaminara,Uruguay,2015,TBC,,,,No trusted structured position source found,
Juan Manuel Gaminara,Uruguay,2019,TBC,,,,No trusted structured position source found,
Leandro Leivas,Uruguay,2015,TBC,,,,No trusted structured position source found,
Leandro Leivas,Uruguay,2019,TBC,,,,No trusted structured position source found,
Mateo Sanguinetti,Uruguay,2015,TBC,,,,No trusted structured position source found,
Mateo Sanguinetti,Uruguay,2019,TBC,,,,No trusted structured position source found,
Mateo Sanguinetti,Uruguay,2023,TBC,,,,No trusted structured position source found,
Agustín Alonso,Uruguay,2015,TBC,,,,No trusted structured position source found,
Alberto Román,Uruguay,2015,TBC,,,,No trusted structured position source found,
Alejo Corral,Uruguay,2015,TBC,,,,No trusted structured position source found,
Carlos Arboleya,Uruguay,2015,TBC,,,,No trusted structured position source found,
Fernando Bascou,Uruguay,2015,TBC,,,,No trusted structured position source found,
Francisco Bulanti,Uruguay,2015,TBC,,,,No trusted structured position source found,
Jerónimo Etcheverry,Uruguay,2015,TBC,,,,No trusted structured position source found,
Joaquín Prada,Uruguay,2015,TBC,,,,No trusted structured position source found,
Juan de Freitas,Uruguay,2015,TBC,,,,No trusted structured position source found,
Mario Sagario,Uruguay,2015,TBC,,,,No trusted structured position source found,
Matías Beer,Uruguay,2015,TBC,,,,No trusted structured position source found,
Oscar Durán,Uruguay,2015,TBC,,,,No trusted structured position source found,
Santiago Gibernau,Uruguay,2015,TBC,,,,No trusted structured position source found,
AJ de Klerk,Namibia,2015,TBC,,,,No trusted structured position source found,
AJ de Klerk,Namibia,2019,TBC,,,,No trusted structured position source found,
Aranos Coetzee,Namibia,2015,TBC,,,,No trusted structured position source found,
Aranos Coetzee,Namibia,2019,TBC,,,,No trusted structured position source found,
Aranos Coetzee,Namibia,2023,TBC,,,,No trusted structured position source found,
JC Greyling,Namibia,2015,TBC,,,,No trusted structured position source found,
JC Greyling,Namibia,2019,TBC,,,,No trusted structured position source found,
JC Greyling,Namibia,2023,TBC,,,,No trusted structured position source found,
Johan Deysel,Namibia,2015,TBC,,,,No trusted structured position source found,
Johan Deysel,Namibia,2019,TBC,,,,No trusted structured position source found,
Johan Deysel,Namibia,2023,TBC,,,,No trusted structured position source found,
Wian Conradie,Namibia,2015,TBC,,,,No trusted structured position source found,
Wian Conradie,Namibia,2019,TBC,,,,No trusted structured position source found,
Wian Conradie,Namibia,2023,TBC,,,,No trusted structured position source found,
Casper Viviers,Namibia,2015,TBC,,,,No trusted structured position source found,
Casper Viviers,Namibia,2023,TBC,,,,No trusted structured position source found,
Heinrich Smit,Namibia,2015,TBC,,,,No trusted structured position source found,
Jaco Engels,Namibia,2015,TBC,,,,No trusted structured position source found,
Leneve Damens,Namibia,2015,TBC,,,,No trusted structured position source found,
Renaldo Bothma,Namibia,2015,TBC,,,,No trusted structured position source found,
Russell van Wyk,Namibia,2015,TBC,,,,No trusted structured position source found,
Giorgi Tkhilaishvili,Georgia,2015,TBC,,,,No trusted structured position source found,
Giorgi Tkhilaishvili,Georgia,2019,TBC,,,,No trusted structured position source found,
Lasha Lomidze,Georgia,2015,TBC,,,,No trusted structured position source found,
Lasha Lomidze,Georgia,2019,TBC,,,,No trusted structured position source found,
Levan Chilachava,Georgia,2015,TBC,,,,No trusted structured position source found,
Levan Chilachava,Georgia,2019,TBC,,,,No trusted structured position source found,
Merab Sharikadze,Georgia,2015,TBC,,,,No trusted structured position source found,
Merab Sharikadze,Georgia,2019,TBC,,,,No trusted structured position source found,
Merab Sharikadze,Georgia,2023,TBC,,,,No trusted structured position source found,
Mikheil Nariashvili,Georgia,2015,TBC,,,,No trusted structured position source found,
Mikheil Nariashvili,Georgia,2019,TBC,,,,No trusted structured position source found,
Mikheil Nariashvili,Georgia,2023,TBC,,,,No trusted structured position source found,
Tamaz Mchedlidze,Georgia,2015,TBC,,,,No trusted structured position source found,
Tamaz Mchedlidze,Georgia,2019,TBC,,,,No trusted structured position source found,
Anton Peikrishvili,Georgia,2015,TBC,,,,No trusted structured position source found,
Giorgi Aptsiauri,Georgia,2015,TBC,,,,No trusted structured position source found,
Giorgi Pruidze,Georgia,2015,TBC,,,,No trusted structured position source found,
Kakha Asieshvili,Georgia,2015,TBC,,,,No trusted structured position source found,
Muraz Giorgadze,Georgia,2015,TBC,,,,No trusted structured position source found,
Alexandru Țăruș,Romania,2015,TBC,,,,No trusted structured position source found,
Andrei Ursache,Romania,2015,TBC,,,,No trusted structured position source found,
Florin Ioniță,Romania,2015,TBC,,,,No trusted structured position source found,
Horațiu Pungea,Romania,2015,TBC,,,,No trusted structured position source found,
Ionuț Botezatu,Romania,2015,TBC,,,,No trusted structured position source found,
Mihai Lazăr,Romania,2015,TBC,,,,No trusted structured position source found,
Paula Kinikinilau,Romania,2015,TBC,,,,No trusted structured position source found,
Viorel Lucaci,Romania,2015,TBC,,,,No trusted structured position source found,
Vlad Nistor,Romania,2015,TBC,,,,No trusted structured position source found,
Angus Ta'avao,New Zealand,2019,TBC,,,,No trusted structured position source found,
Atu Moli,New Zealand,2019,TBC,,,,No trusted structured position source found,
George Bridge,New Zealand,2019,TBC,,,,No trusted structured position source found,
Jack Goodhue,New Zealand,2019,TBC,,,,No trusted structured position source found,
Luke Jacobson,New Zealand,2019,TBC,,,,No trusted structured position source found,
Luke Jacobson,New Zealand,2023,TBC,,,,No trusted structured position source found,
Matt Todd,New Zealand,2019,TBC,,,,No trusted structured position source found,
Ofa Tu'ungafasi,New Zealand,2019,TBC,,,,No trusted structured position source found,
Ofa Tu'ungafasi,New Zealand,2023,TBC,,,,No trusted structured position source found,
Ryan Crotty,New Zealand,2019,TBC,,,,No trusted structured position source found,
Sevu Reece,New Zealand,2019,TBC,,,,No trusted structured position source found,
Kwagga Smith,South Africa,2019,TBC,,,,No trusted structured position source found,
Kwagga Smith,South Africa,2023,TBC,,,,No trusted structured position source found,
S'busiso Nkosi,South Africa,2019,TBC,,,,No trusted structured position source found,
Thomas du Toit,South Africa,2019,TBC,,,,No trusted structured position source found,
Isi Naisarani,Australia,2019,TBC,,,,No trusted structured position source found,
Jack Dempsey,Australia,2019,TBC,,,,No trusted structured position source found,
Jordan Petaia,Australia,2019,TBC,,,,No trusted structured position source found,
Jordan Petaia,Australia,2023,TBC,,,,No trusted structured position source found,
Lukhan Salakaia-Loto,Australia,2019,TBC,,,,No trusted structured position source found,
Reece Hodge,Australia,2019,TBC,,,,No trusted structured position source found,
Lewis Ludlam,England,2019,TBC,,,,No trusted structured position source found,
Lewis Ludlam,England,2023,TBC,,,,No trusted structured position source found,
Mark Wilson,England,2019,TBC,,,,No trusted structured position source found,
Piers Francis,England,2019,TBC,,,,No trusted structured position source found,
Ruaridh McConnochie,England,2019,TBC,,,,No trusted structured position source found,
Alivereti Raka,France,2019,TBC,,,,No trusted structured position source found,
Arthur Iturria,France,2019,TBC,,,,No trusted structured position source found,
Cedate Gomes Sa,France,2019,TBC,,,,No trusted structured position source found,
Demba Bamba,France,2019,TBC,,,,No trusted structured position source found,
Emerick Setiano,France,2019,TBC,,,,No trusted structured position source found,
Jefferson Poirot,France,2019,TBC,,,,No trusted structured position source found,
Pierre-Louis Barassi,France,2019,TBC,,,,No trusted structured position source found,
Vincent Rattez,France,2019,TBC,,,,No trusted structured position source found,
Virimi Vakatawa,France,2019,TBC,,,,No trusted structured position source found,
Wenceslas Lauret,France,2019,TBC,,,,No trusted structured position source found,
Yacouba Camara,France,2019,TBC,,,,No trusted structured position source found,
Andrew Conway,Ireland,2019,TBC,,,,No trusted structured position source found,
CJ Stander,Ireland,2019,TBC,,,,No trusted structured position source found,
Chris Farrell,Ireland,2019,TBC,,,,No trusted structured position source found,
Dave Kilcoyne,Ireland,2019,TBC,,,,No trusted structured position source found,
Dave Kilcoyne,Ireland,2023,TBC,,,,No trusted structured position source found,
Jack Conan,Ireland,2019,TBC,,,,No trusted structured position source found,
Jack Conan,Ireland,2023,TBC,,,,No trusted structured position source found,
John Ryan,Ireland,2019,TBC,,,,No trusted structured position source found,
Aaron Shingler,Wales,2019,TBC,,,,No trusted structured position source found,
Aaron Wainwright,Wales,2019,TBC,,,,No trusted structured position source found,
Aaron Wainwright,Wales,2023,TBC,,,,No trusted structured position source found,
Dillon Lewis,Wales,2019,TBC,,,,No trusted structured position source found,
Dillon Lewis,Wales,2023,TBC,,,,No trusted structured position source found,
Hadleigh Parkes,Wales,2019,TBC,,,,No trusted structured position source found,
James Davies,Wales,2019,TBC,,,,No trusted structured position source found,
Josh Navidi,Wales,2019,TBC,,,,No trusted structured position source found,
Nicky Smith,Wales,2019,TBC,,,,No trusted structured position source found,
Nicky Smith,Wales,2023,TBC,,,,No trusted structured position source found,
Owen Lane,Wales,2019,TBC,,,,No trusted structured position source found,
Owen Watkin,Wales,2019,TBC,,,,No trusted structured position source found,
Rhys Carré,Wales,2019,TBC,,,,No trusted structured position source found,
Wyn Jones,Wales,2019,TBC,,,,No trusted structured position source found,
Allan Dell,Scotland,2019,TBC,,,,No trusted structured position source found,
Blade Thomson,Scotland,2019,TBC,,,,No trusted structured position source found,
Duncan Taylor,Scotland,2019,TBC,,,,No trusted structured position source found,
Magnus Bradbury,Scotland,2019,TBC,,,,No trusted structured position source found,
Sam Johnson,Scotland,2019,TBC,,,,No trusted structured position source found,
Simon Berghan,Scotland,2019,TBC,,,,No trusted structured position source found,
Bautista Delguy,Argentina,2019,TBC,,,,No trusted structured position source found,
Emiliano Boffelli,Argentina,2019,TBC,,,,No trusted structured position source found,
Emiliano Boffelli,Argentina,2023,TBC,,,,No trusted structured position source found,
Enrique Pieretto,Argentina,2019,TBC,,,,No trusted structured position source found,
Lucas Mensa,Argentina,2019,TBC,,,,No trusted structured position source found,
Marcos Kremer,Argentina,2019,TBC,,,,No trusted structured position source found,
Marcos Kremer,Argentina,2023,TBC,,,,No trusted structured position source found,
Matías Orlando,Argentina,2019,TBC,,,,No trusted structured position source found,
Mayco Vivas,Argentina,2019,TBC,,,,No trusted structured position source found,
Mayco Vivas,Argentina,2023,TBC,,,,No trusted structured position source found,
Ramiro Moyano,Argentina,2019,TBC,,,,No trusted structured position source found,
Rodrigo Bruni,Argentina,2019,TBC,,,,No trusted structured position source found,
Rodrigo Bruni,Argentina,2023,TBC,,,,No trusted structured position source found,
Santiago Medrano,Argentina,2019,TBC,,,,No trusted structured position source found,
Tomás Lezana,Argentina,2019,TBC,,,,No trusted structured position source found,
Eroni Mawi,Fiji,2019,TBC,,,,No trusted structured position source found,
Eroni Mawi,Fiji,2023,TBC,,,,No trusted structured position source found,
Filipo Nakosi,Fiji,2019,TBC,,,,No trusted structured position source found,
Jale Vatubua,Fiji,2019,TBC,,,,No trusted structured position source found,
Josua Tuisova,Fiji,2019,TBC,,,,No trusted structured position source found,
Josua Tuisova,Fiji,2023,TBC,,,,No trusted structured position source found,
Kalivati Tawake,Fiji,2019,TBC,,,,No trusted structured position source found,
Mosese Voka,Fiji,2019,TBC,,,,No trusted structured position source found,
Semi Kunatani,Fiji,2019,TBC,,,,No trusted structured position source found,
Semi Radradra,Fiji,2019,TBC,,,,No trusted structured position source found,
Semi Radradra,Fiji,2023,TBC,,,,No trusted structured position source found,
Viliame Mata,Fiji,2019,TBC,,,,No trusted structured position source found,
Viliame Mata,Fiji,2023,TBC,,,,No trusted structured position source found,
Asaeli Ai Valu,Japan,2019,TBC,,,,No trusted structured position source found,
Asaeli Ai Valu,Japan,2023,TBC,,,,No trusted structured position source found,
Ataata Moeakiola,Japan,2019,TBC,,,,No trusted structured position source found,
Isileli Nakajima,Japan,2019,TBC,,,,No trusted structured position source found,
Kazuki Himeno,Japan,2019,TBC,,,,No trusted structured position source found,
Kazuki Himeno,Japan,2023,TBC,,,,No trusted structured position source found,
Koo Ji-won,Japan,2019,TBC,,,,No trusted structured position source found,
Koo Ji-won,Japan,2023,TBC,,,,No trusted structured position source found,
Lappies Labuschagné,Japan,2019,TBC,,,,No trusted structured position source found,
Lappies Labuschagné,Japan,2023,TBC,,,,No trusted structured position source found,
Lomano Lemeki,Japan,2019,TBC,,,,No trusted structured position source found,
Lomano Lemeki,Japan,2023,TBC,,,,No trusted structured position source found,
Ryoto Nakamura,Japan,2019,TBC,,,,No trusted structured position source found,
Ryoto Nakamura,Japan,2023,TBC,,,,No trusted structured position source found,
Timothy Lafaele,Japan,2019,TBC,,,,No trusted structured position source found,
Will Tupou,Japan,2019,TBC,,,,No trusted structured position source found,
Yoshitaka Tokunaga,Japan,2019,TBC,,,,No trusted structured position source found,
Yusuke Kizu,Japan,2019,TBC,,,,No trusted structured position source found,
Braam Steyn,Italy,2019,TBC,,,,No trusted structured position source found,
Danilo Fischetti,Italy,2019,TBC,,,,No trusted structured position source found,
Danilo Fischetti,Italy,2023,TBC,,,,No trusted structured position source found,
Federico Zani,Italy,2019,TBC,,,,No trusted structured position source found,
Federico Zani,Italy,2023,TBC,,,,No trusted structured position source found,
Giosuè Zilocchi,Italy,2019,TBC,,,,No trusted structured position source found,
Giulio Bisegni,Italy,2019,TBC,,,,No trusted structured position source found,
Jake Polledri,Italy,2019,TBC,,,,No trusted structured position source found,
Luca Morisi,Italy,2019,TBC,,,,No trusted structured position source found,
Luca Morisi,Italy,2023,TBC,,,,No trusted structured position source found,
Marco Riccioni,Italy,2019,TBC,,,,No trusted structured position source found,
Marco Riccioni,Italy,2023,TBC,,,,No trusted structured position source found,
Mattia Bellini,Italy,2019,TBC,,,,No trusted structured position source found,
Maxime Mbanda,Italy,2019,TBC,,,,No trusted structured position source found,
Nicola Quaglio,Italy,2019,TBC,,,,No trusted structured position source found,
Sebastian Negri,Italy,2019,TBC,,,,No trusted structured position source found,
Sebastian Negri,Italy,2023,TBC,,,,No trusted structured position source found,
Simone Ferrari,Italy,2019,TBC,,,,No trusted structured position source found,
Simone Ferrari,Italy,2023,TBC,,,,No trusted structured position source found,
Tiziano Pasquali,Italy,2019,TBC,,,,No trusted structured position source found,
Afa Amosa,Samoa,2019,TBC,,,,No trusted structured position source found,
Alamanda Motuga,Samoa,2019,TBC,,,,No trusted structured position source found,
Alamanda Motuga,Samoa,2023,TBC,,,,No trusted structured position source found,
Alapati Leiua,Samoa,2019,TBC,,,,No trusted structured position source found,
Belgium Tuatagaloa,Samoa,2019,TBC,,,,No trusted structured position source found,
Ed Fidow,Samoa,2019,TBC,,,,No trusted structured position source found,
Ed Fidow,Samoa,2023,TBC,,,,No trusted structured position source found,
Henry Taefu,Samoa,2019,TBC,,,,No trusted structured position source found,
James Lay,Samoa,2019,TBC,,,,No trusted structured position source found,
James Lay,Samoa,2023,TBC,,,,No trusted structured position source found,
Jordan Lay,Samoa,2019,TBC,,,,No trusted structured position source found,
Jordan Lay,Samoa,2023,TBC,,,,No trusted structured position source found,
Kieron Fonotia,Samoa,2019,TBC,,,,No trusted structured position source found,
Michael Alaalatoa,Samoa,2019,TBC,,,,No trusted structured position source found,
Michael Alaalatoa,Samoa,2023,TBC,,,,No trusted structured position source found,
Paul Alo-Emile,Samoa,2019,TBC,,,,No trusted structured position source found,
Paul Alo-Emile,Samoa,2023,TBC,,,,No trusted structured position source found,
Piula Faʻasalele,Samoa,2019,TBC,,,,No trusted structured position source found,
Atieli Pakalani,Tonga,2019,TBC,,,,No trusted structured position source found,
Ben Tameifuna,Tonga,2019,TBC,,,,No trusted structured position source found,
Ben Tameifuna,Tonga,2023,TBC,,,,No trusted structured position source found,
Cooper Vuna,Tonga,2019,TBC,,,,No trusted structured position source found,
Daniel Faleafa,Tonga,2019,TBC,,,,No trusted structured position source found,
Fetuli Paea,Tonga,2019,TBC,,,,No trusted structured position source found,
Fotu Lokotui,Tonga,2019,TBC,,,,No trusted structured position source found,
James Faiva,Tonga,2019,TBC,,,,No trusted structured position source found,
Latu Talakai,Tonga,2019,TBC,,,,No trusted structured position source found,
Leon Fukofuka,Tonga,2019,TBC,,,,No trusted structured position source found,
Maama Vaipulu,Tonga,2019,TBC,,,,No trusted structured position source found,
Mali Hingano,Tonga,2019,TBC,,,,No trusted structured position source found,
Maʻafu Fia,Tonga,2019,TBC,,,,No trusted structured position source found,
Nafi Tuitavake,Tonga,2019,TBC,,,,No trusted structured position source found,
Nasi Manu,Tonga,2019,TBC,,,,No trusted structured position source found,
Siegfried Fisi'ihoi,Tonga,2019,TBC,,,,No trusted structured position source found,
Siua Halanukonuka,Tonga,2019,TBC,,,,No trusted structured position source found,
Viliami Lolohea,Tonga,2019,TBC,,,,No trusted structured position source found,
Vunipola Fifita,Tonga,2019,TBC,,,,No trusted structured position source found,
Zane Kapeli,Tonga,2019,TBC,,,,No trusted structured position source found,
Ben Pinkelman,USA,2019,TBC,,,,No trusted structured position source found,
Bryce Campbell,USA,2019,TBC,,,,No trusted structured position source found,
Chance Wenglewski,USA,2019,TBC,,,,No trusted structured position source found,
David Ainuʻu,USA,2019,TBC,,,,No trusted structured position source found,
Hanco Germishuys,USA,2019,TBC,,,,No trusted structured position source found,
Malon Al-Jiboori,USA,2019,TBC,,,,No trusted structured position source found,
Marcel Brache,USA,2019,TBC,,,,No trusted structured position source found,
Martin Iosefo,USA,2019,TBC,,,,No trusted structured position source found,
Mike Te'o,USA,2019,TBC,,,,No trusted structured position source found,
Paul Lasike,USA,2019,TBC,,,,No trusted structured position source found,
Paul Mullen,USA,2019,TBC,,,,No trusted structured position source found,
Tony Lamborn,USA,2019,TBC,,,,No trusted structured position source found,
Ben LeSage,Canada,2019,TBC,,,,No trusted structured position source found,
Cole Keith,Canada,2019,TBC,,,,No trusted structured position source found,
Giuseppe du Toit,Canada,2019,TBC,,,,No trusted structured position source found,
Justin Blanchet,Canada,2019,TBC,,,,No trusted structured position source found,
Kainoa Lloyd,Canada,2019,TBC,,,,No trusted structured position source found,
Kyle Baillie,Canada,2019,TBC,,,,No trusted structured position source found,
Lucas Rumball,Canada,2019,TBC,,,,No trusted structured position source found,
Luke Campbell,Canada,2019,TBC,,,,No trusted structured position source found,
Matt Heaton,Canada,2019,TBC,,,,No trusted structured position source found,
Matt Tierney,Canada,2019,TBC,,,,No trusted structured position source found,
Agustín Della Corte,Uruguay,2019,TBC,,,,No trusted structured position source found,
Diego Arbelo,Uruguay,2019,TBC,,,,No trusted structured position source found,
Diego Arbelo,Uruguay,2023,TBC,,,,No trusted structured position source found,
Federico Favaro,Uruguay,2019,TBC,,,,No trusted structured position source found,
Joaquín Jaunsolo,Uruguay,2019,TBC,,,,No trusted structured position source found,
Juan Diego Ormaechea,Uruguay,2019,TBC,,,,No trusted structured position source found,
Juan Echeverría,Uruguay,2019,TBC,,,,No trusted structured position source found,
Juan Rombys,Uruguay,2019,TBC,,,,No trusted structured position source found,
Manuel Ardao,Uruguay,2019,TBC,,,,No trusted structured position source found,
Manuel Ardao,Uruguay,2023,TBC,,,,No trusted structured position source found,
Manuel Diana,Uruguay,2019,TBC,,,,No trusted structured position source found,
Manuel Diana,Uruguay,2023,TBC,,,,No trusted structured position source found,
Nicolás Freitas,Uruguay,2019,TBC,,,,No trusted structured position source found,
Nicolás Freitas,Uruguay,2023,TBC,,,,No trusted structured position source found,
Santiago Civetta,Uruguay,2019,TBC,,,,No trusted structured position source found,
Santiago Civetta,Uruguay,2023,TBC,,,,No trusted structured position source found,
Adriaan Booysen,Namibia,2019,TBC,,,,No trusted structured position source found,
Adriaan Booysen,Namibia,2023,TBC,,,,No trusted structured position source found,
André Rademeyer,Namibia,2019,TBC,,,,No trusted structured position source found,
Des Sethie,Namibia,2019,TBC,,,,No trusted structured position source found,
Des Sethie,Namibia,2023,TBC,,,,No trusted structured position source found,
Janry du Toit,Namibia,2019,TBC,,,,No trusted structured position source found,
Justin Newman,Namibia,2019,TBC,,,,No trusted structured position source found,
Lesley Klim,Namibia,2019,TBC,,,,No trusted structured position source found,
Max Katjijeko,Namibia,2019,TBC,,,,No trusted structured position source found,
Max Katjijeko,Namibia,2023,TBC,,,,No trusted structured position source found,
Nelius Theron,Namibia,2019,TBC,,,,No trusted structured position source found,
PJ Walters,Namibia,2019,TBC,,,,No trusted structured position source found,
Prince ǃGaoseb,Namibia,2019,TBC,,,,No trusted structured position source found,
Prince ǃGaoseb,Namibia,2023,TBC,,,,No trusted structured position source found,
Thomasau Forbes,Namibia,2019,TBC,,,,No trusted structured position source found,
Beka Gigashvili,Georgia,2019,TBC,,,,No trusted structured position source found,
Beka Gigashvili,Georgia,2023,TBC,,,,No trusted structured position source found,
Beka Gorgadze,Georgia,2019,TBC,,,,No trusted structured position source found,
Beka Gorgadze,Georgia,2023,TBC,,,,No trusted structured position source found,
Beka Saghinadze,Georgia,2019,TBC,,,,No trusted structured position source found,
Beka Saghinadze,Georgia,2023,TBC,,,,No trusted structured position source found,
Giorgi Kveseladze,Georgia,2019,TBC,,,,No trusted structured position source found,
Giorgi Kveseladze,Georgia,2023,TBC,,,,No trusted structured position source found,
Giorgi Melikidze,Georgia,2019,TBC,,,,No trusted structured position source found,
Guram Gogichashvili,Georgia,2019,TBC,,,,No trusted structured position source found,
Guram Gogichashvili,Georgia,2023,TBC,,,,No trusted structured position source found,
Mirian Modebadze,Georgia,2019,TBC,,,,No trusted structured position source found,
Mirian Modebadze,Georgia,2023,TBC,,,,No trusted structured position source found,
Otar Giorgadze,Georgia,2019,TBC,,,,No trusted structured position source found,
Otar Giorgadze,Georgia,2023,TBC,,,,No trusted structured position source found,
Zurab Dzneladze,Georgia,2019,TBC,,,,No trusted structured position source found,
Andrey Polivalov,Russia,2019,TBC,,,,No trusted structured position source found,
Anton Sychev,Russia,2019,TBC,,,,No trusted structured position source found,
Azamat Bitiev,Russia,2019,TBC,,,,No trusted structured position source found,
Dmitry Gerasimov,Russia,2019,TBC,,,,No trusted structured position source found,
German Davydov,Russia,2019,TBC,,,,No trusted structured position source found,
Igor Galinovskiy,Russia,2019,TBC,,,,No trusted structured position source found,
Kirill Golosnitsky,Russia,2019,TBC,,,,No trusted structured position source found,
Kirill Gotovtsev,Russia,2019,TBC,,,,No trusted structured position source found,
Nikita Vavilin,Russia,2019,TBC,,,,No trusted structured position source found,
Roman Khodin,Russia,2019,TBC,,,,No trusted structured position source found,
Tagir Gadzhiev,Russia,2019,TBC,,,,No trusted structured position source found,
Valery Morozov,Russia,2019,TBC,,,,No trusted structured position source found,
Vitaly Zhivatov,Russia,2019,TBC,,,,No trusted structured position source found,
Vladimir Podrezov,Russia,2019,TBC,,,,No trusted structured position source found,
Vladislav Sozonov,Russia,2019,TBC,,,,No trusted structured position source found,
Caleb Clarke,New Zealand,2023,TBC,,,,No trusted structured position source found,
Dalton Papalii,New Zealand,2023,TBC,,,,No trusted structured position source found,
David Havili,New Zealand,2023,TBC,,,,No trusted structured position source found,
Emoni Narawa,New Zealand,2023,TBC,,,,No trusted structured position source found,
Ethan Blackadder,New Zealand,2023,TBC,,,,No trusted structured position source found,
Leicester Fainga'anuku,New Zealand,2023,TBC,,,,No trusted structured position source found,
Mark Tele'a,New Zealand,2023,TBC,,,,No trusted structured position source found,
André Esterhuizen,South Africa,2023,TBC,,,,No trusted structured position source found,
Canan Moodie,South Africa,2023,TBC,,,,No trusted structured position source found,
Deon Fourie,South Africa,2023,TBC,,,,No trusted structured position source found,
Kurt-Lee Arendse,South Africa,2023,TBC,,,,No trusted structured position source found,
Marco van Staden,South Africa,2023,TBC,,,,No trusted structured position source found,
Blake Schoupp,Australia,2023,TBC,,,,No trusted structured position source found,
Fraser McReight,Australia,2023,TBC,,,,No trusted structured position source found,
Izaia Perese,Australia,2023,TBC,,,,No trusted structured position source found,
Josh Kemeny,Australia,2023,TBC,,,,No trusted structured position source found,
Lalakai Foketi,Australia,2023,TBC,,,,No trusted structured position source found,
Langi Gleeson,Australia,2023,TBC,,,,No trusted structured position source found,
Mark Nawaqanitawase,Australia,2023,TBC,,,,No trusted structured position source found,
Max Jorgensen,Australia,2023,TBC,,,,No trusted structured position source found,
Pone Fa'amausili,Australia,2023,TBC,,,,No trusted structured position source found,
Rob Leota,Australia,2023,TBC,,,,No trusted structured position source found,
Suliasi Vunivalu,Australia,2023,TBC,,,,No trusted structured position source found,
Tom Hooper,Australia,2023,TBC,,,,No trusted structured position source found,
Zane Nonggorr,Australia,2023,TBC,,,,No trusted structured position source found,
Bevan Rodd,England,2023,TBC,,,,No trusted structured position source found,
Ellis Genge ( vc ),England,2023,TBC,,,,No trusted structured position source found,
Jack Willis,England,2023,TBC,,,,No trusted structured position source found,
Joe Marchant,England,2023,TBC,,,,No trusted structured position source found,
Max Malins,England,2023,TBC,,,,No trusted structured position source found,
Ollie Lawrence,England,2023,TBC,,,,No trusted structured position source found,
Will Stuart,England,2023,TBC,,,,No trusted structured position source found,
Anthony Jelonch,France,2023,TBC,,,,No trusted structured position source found,
Arthur Vincent,France,2023,TBC,,,,No trusted structured position source found,
Dorian Aldegheri,France,2023,TBC,,,,No trusted structured position source found,
François Cros,France,2023,TBC,,,,No trusted structured position source found,
Gabin Villière,France,2023,TBC,,,,No trusted structured position source found,
Jean-Baptiste Gros,France,2023,TBC,,,,No trusted structured position source found,
Jonathan Danty,France,2023,TBC,,,,No trusted structured position source found,
Louis Bielle-Biarrey,France,2023,TBC,,,,No trusted structured position source found,
Paul Boudehent,France,2023,TBC,,,,No trusted structured position source found,
Reda Wardi,France,2023,TBC,,,,No trusted structured position source found,
Sekou Macalou,France,2023,TBC,,,,No trusted structured position source found,
Sipili Falatea,France,2023,TBC,,,,No trusted structured position source found,
Yoram Moefana,France,2023,TBC,,,,No trusted structured position source found,
Caelan Doris,Ireland,2023,TBC,,,,No trusted structured position source found,
James Lowe,Ireland,2023,TBC,,,,No trusted structured position source found,
Jeremy Loughman,Ireland,2023,TBC,,,,No trusted structured position source found,
Mack Hansen,Ireland,2023,TBC,,,,No trusted structured position source found,
Stuart McCloskey,Ireland,2023,TBC,,,,No trusted structured position source found,
Tom O'Toole,Ireland,2023,TBC,,,,No trusted structured position source found,
Corey Domachowski,Wales,2023,TBC,,,,No trusted structured position source found,
Henry Thomas,Wales,2023,TBC,,,,No trusted structured position source found,
Jac Morgan ( cc ),Wales,2023,TBC,,,,No trusted structured position source found,
Johnny Williams,Wales,2023,TBC,,,,No trusted structured position source found,
Louis Rees-Zammit,Wales,2023,TBC,,,,No trusted structured position source found,
Mason Grady,Wales,2023,TBC,,,,No trusted structured position source found,
Nick Tompkins,Wales,2023,TBC,,,,No trusted structured position source found,
Rio Dyer,Wales,2023,TBC,,,,No trusted structured position source found,
Taine Basham,Wales,2023,TBC,,,,No trusted structured position source found,
Tommy Reffell,Wales,2023,TBC,,,,No trusted structured position source found,
Cameron Redpath,Scotland,2023,TBC,,,,No trusted structured position source found,
Jack Dempsey,Scotland,2023,TBC,,,,No trusted structured position source found,
Jamie Bhatti,Scotland,2023,TBC,,,,No trusted structured position source found,
Javan Sebastian,Scotland,2023,TBC,,,,No trusted structured position source found,
Kyle Steyn,Scotland,2023,TBC,,,,No trusted structured position source found,
Luke Crosbie,Scotland,2023,TBC,,,,No trusted structured position source found,
Matt Fagerson,Scotland,2023,TBC,,,,No trusted structured position source found,
Rory Darge,Scotland,2023,TBC,,,,No trusted structured position source found,
Sione Tuipulotu,Scotland,2023,TBC,,,,No trusted structured position source found,
Eduardo Bello,Argentina,2023,TBC,,,,No trusted structured position source found,
Francisco Gómez Kodela,Argentina,2023,TBC,,,,No trusted structured position source found,
Joaquín Oviedo,Argentina,2023,TBC,,,,No trusted structured position source found,
Joel Sclavi,Argentina,2023,TBC,,,,No trusted structured position source found,
Juan Martín González,Argentina,2023,TBC,,,,No trusted structured position source found,
Lucio Cinti,Argentina,2023,TBC,,,,No trusted structured position source found,
Mateo Carreras,Argentina,2023,TBC,,,,No trusted structured position source found,
Rodrigo Isgró,Argentina,2023,TBC,,,,No trusted structured position source found,
Santiago Chocobares,Argentina,2023,TBC,,,,No trusted structured position source found,
Santiago Grondona,Argentina,2023,TBC,,,,No trusted structured position source found,
Thomas Gallo,Argentina,2023,TBC,,,,No trusted structured position source found,
Albert Tuisue,Fiji,2023,TBC,,,,No trusted structured position source found,
Emosi Tuqiri,Fiji,2023,TBC,,,,No trusted structured position source found,
Iosefo Masi,Fiji,2023,TBC,,,,No trusted structured position source found,
Jiuta Wainiqolo,Fiji,2023,TBC,,,,No trusted structured position source found,
Jone Koroiduadua,Fiji,2023,TBC,,,,No trusted structured position source found,
Kalaveti Ravouvou,Fiji,2023,TBC,,,,No trusted structured position source found,
Luke Tagi,Fiji,2023,TBC,,,,No trusted structured position source found,
Meli Derenalagi,Fiji,2023,TBC,,,,No trusted structured position source found,
Mesake Doge,Fiji,2023,TBC,,,,No trusted structured position source found,
Samu Tawake,Fiji,2023,TBC,,,,No trusted structured position source found,
Selestino Ravutaumada,Fiji,2023,TBC,,,,No trusted structured position source found,
Sireli Maqala,Fiji,2023,TBC,,,,No trusted structured position source found,
Vilimoni Botitu,Fiji,2023,TBC,,,,No trusted structured position source found,
Vilive Miramira,Fiji,2023,TBC,,,,No trusted structured position source found,
Vinaya Habosi,Fiji,2023,TBC,,,,No trusted structured position source found,
Ben Gunter,Japan,2023,TBC,,,,No trusted structured position source found,
Craig Millar,Japan,2023,TBC,,,,No trusted structured position source found,
Dylan Riley,Japan,2023,TBC,,,,No trusted structured position source found,
Jone Naikabula,Japan,2023,TBC,,,,No trusted structured position source found,
Kanji Shimokawa,Japan,2023,TBC,,,,No trusted structured position source found,
Semisi Masirewa,Japan,2023,TBC,,,,No trusted structured position source found,
Shinnosuke Kakinaga,Japan,2023,TBC,,,,No trusted structured position source found,
Shota Fukui,Japan,2023,TBC,,,,No trusted structured position source found,
Shōgo Nakano,Japan,2023,TBC,,,,No trusted structured position source found,
Sione Halasili,Japan,2023,TBC,,,,No trusted structured position source found,
Siosaia Fifita,Japan,2023,TBC,,,,No trusted structured position source found,
Tomoki Osada,Japan,2023,TBC,,,,No trusted structured position source found,
Giovanni Pettinelli,Italy,2023,TBC,,,,No trusted structured position source found,
Ignacio Brex,Italy,2023,TBC,,,,No trusted structured position source found,
Ivan Nemer,Italy,2023,TBC,,,,No trusted structured position source found,
Lorenzo Cannone,Italy,2023,TBC,,,,No trusted structured position source found,
Manuel Zuliani,Italy,2023,TBC,,,,No trusted structured position source found,
Michele Lamaro,Italy,2023,TBC,,,,No trusted structured position source found,
Monty Ioane,Italy,2023,TBC,,,,No trusted structured position source found,
Paolo Odogwu,Italy,2023,TBC,,,,No trusted structured position source found,
Pierre Bruno,Italy,2023,TBC,,,,No trusted structured position source found,
Pietro Ceccarelli,Italy,2023,TBC,,,,No trusted structured position source found,
Toa Halafihi,Italy,2023,TBC,,,,No trusted structured position source found,
Ben Lam,Samoa,2023,TBC,,,,No trusted structured position source found,
Charlie Faumuina,Samoa,2023,TBC,,,,No trusted structured position source found,
D'Angelo Leuila,Samoa,2023,TBC,,,,No trusted structured position source found,
Duncan Paia'aua,Samoa,2023,TBC,,,,No trusted structured position source found,
Fritz Lee,Samoa,2023,TBC,,,,No trusted structured position source found,
Jordan Taufua,Samoa,2023,TBC,,,,No trusted structured position source found,
Miracle Faiʻilagi,Samoa,2023,TBC,,,,No trusted structured position source found,
Neria Fomai,Samoa,2023,TBC,,,,No trusted structured position source found,
Nigel Ah Wong,Samoa,2023,TBC,,,,No trusted structured position source found,
So'otala Fa'aso'o,Samoa,2023,TBC,,,,No trusted structured position source found,
Steve Luatua,Samoa,2023,TBC,,,,No trusted structured position source found,
Taleni Seu,Samoa,2023,TBC,,,,No trusted structured position source found,
Tumua Manu,Samoa,2023,TBC,,,,No trusted structured position source found,
Afusipa Taumoepeau,Tonga,2023,TBC,,,,No trusted structured position source found,
Anzelo Tuitavuki,Tonga,2023,TBC,,,,No trusted structured position source found,
Feao Fotuaika,Tonga,2023,TBC,,,,No trusted structured position source found,
Fine Inisi,Tonga,2023,TBC,,,,No trusted structured position source found,
George Moala,Tonga,2023,TBC,,,,No trusted structured position source found,
Joe Apikotoa,Tonga,2023,TBC,,,,No trusted structured position source found,
Kyren Taumoefolau,Tonga,2023,TBC,,,,No trusted structured position source found,
Malakai Fekitoa,Tonga,2023,TBC,,,,No trusted structured position source found,
Paula Latu,Tonga,2023,TBC,,,,No trusted structured position source found,
Penitoa Finau,Tonga,2023,TBC,,,,No trusted structured position source found,
Pita Ahki,Tonga,2023,TBC,,,,No trusted structured position source found,
Siate Tokolahi,Tonga,2023,TBC,,,,No trusted structured position source found,
Siegfried Fisiʻihoi,Tonga,2023,TBC,,,,No trusted structured position source found,
Sione Havili Talitui,Tonga,2023,TBC,,,,No trusted structured position source found,
Sione Vailanu,Tonga,2023,TBC,,,,No trusted structured position source found,
Solomone Funaki,Tonga,2023,TBC,,,,No trusted structured position source found,
Solomone Kata,Tonga,2023,TBC,,,,No trusted structured position source found,
Tanginoa Halaifonua,Tonga,2023,TBC,,,,No trusted structured position source found,
Tau Koloamatangi,Tonga,2023,TBC,,,,No trusted structured position source found,
Vaea Fifita,Tonga,2023,TBC,,,,No trusted structured position source found,
Bautista Basso,Uruguay,2023,TBC,,,,No trusted structured position source found,
Carlos Deus,Uruguay,2023,TBC,,,,No trusted structured position source found,
Eric Dosantos,Uruguay,2023,TBC,,,,No trusted structured position source found,
Felipe Arcos Pérez,Uruguay,2023,TBC,,,,No trusted structured position source found,
Ignacio Facciolo,Uruguay,2023,TBC,,,,No trusted structured position source found,
Ignacio Péculo,Uruguay,2023,TBC,,,,No trusted structured position source found,
Juan Manuel Alonso,Uruguay,2023,TBC,,,,No trusted structured position source found,
Lucas Bianchi,Uruguay,2023,TBC,,,,No trusted structured position source found,
Matías Benítez,Uruguay,2023,TBC,,,,No trusted structured position source found,
Reinaldo Piussi,Uruguay,2023,TBC,,,,No trusted structured position source found,
Alcino Izaacs,Namibia,2023,TBC,,,,No trusted structured position source found,
Danco Burger,Namibia,2023,TBC,,,,No trusted structured position source found,
Gerswin Mouton,Namibia,2023,TBC,,,,No trusted structured position source found,
Haitembu Shikufa,Namibia,2023,TBC,,,,No trusted structured position source found,
Jason Benade,Namibia,2023,TBC,,,,No trusted structured position source found,
Le Roux Malan,Namibia,2023,TBC,,,,No trusted structured position source found,
Lloyd Jacobs,Namibia,2023,TBC,,,,No trusted structured position source found,
Richard Hardwick,Namibia,2023,TBC,,,,No trusted structured position source found,
Aka Tabutsadze,Georgia,2023,TBC,,,,No trusted structured position source found,
Demur Tapladze,Georgia,2023,TBC,,,,No trusted structured position source found,
Giorgi Tsutskiridze,Georgia,2023,TBC,,,,No trusted structured position source found,
Guram Papidze,Georgia,2023,TBC,,,,No trusted structured position source found,
Irakli Aptsiauri,Georgia,2023,TBC,,,,No trusted structured position source found,
Luka Ivanishvili,Georgia,2023,TBC,,,,No trusted structured position source found,
Luka Japaridze,Georgia,2023,TBC,,,,No trusted structured position source found,
Mikheil Gachechiladze,Georgia,2023,TBC,,,,No trusted structured position source found,
Nika Abuladze,Georgia,2023,TBC,,,,No trusted structured position source found,
Otar Lashkhi,Georgia,2023,TBC,,,,No trusted structured position source found,
Tornike Jalagonia,Georgia,2023,TBC,,,,No trusted structured position source found,
Tornike Kakhoidze,Georgia,2023,TBC,,,,No trusted structured position source found,
Alexandru Bucur,Romania,2023,TBC,,,,No trusted structured position source found,
Alexandru Gordaș,Romania,2023,TBC,,,,No trusted structured position source found,
Alexandru Savin,Romania,2023,TBC,,,,No trusted structured position source found,
André Gorin,Romania,2023,TBC,,,,No trusted structured position source found,
Costel Burțilă,Romania,2023,TBC,,,,No trusted structured position source found,
Cristi Boboc,Romania,2023,TBC,,,,No trusted structured position source found,
Cristi Chirică,Romania,2023,TBC,,,,No trusted structured position source found,
Damian Strătilă,Romania,2023,TBC,,,,No trusted structured position source found,
Dragoș Ser,Romania,2023,TBC,,,,No trusted structured position source found,
Florian Roșu,Romania,2023,TBC,,,,No trusted structured position source found,
Fonovai Tangimana,Romania,2023,TBC,,,,No trusted structured position source found,
Gheorghe Gajion,Romania,2023,TBC,,,,No trusted structured position source found,
Iulian Harțig,Romania,2023,TBC,,,,No trusted structured position source found,
Jason Tomane,Romania,2023,TBC,,,,No trusted structured position source found,
Marius Simionescu,Romania,2023,TBC,,,,No trusted structured position source found,
Mihai Graure,Romania,2023,TBC,,,,No trusted structured position source found,
Nicolas Onuțu,Romania,2023,TBC,,,,No trusted structured position source found,
Sioeli Lama,Romania,2023,TBC,,,,No trusted structured position source found,
Taliaʻuli Sikuea,Romania,2023,TBC,,,,No trusted structured position source found,
Taylor Gontineac,Romania,2023,TBC,,,,No trusted structured position source found,
Tevita Manumua,Romania,2023,TBC,,,,No trusted structured position source found,
Thomas Crețu,Romania,2023,TBC,,,,No trusted structured position source found,
Vlad Neculau,Romania,2023,TBC,,,,No trusted structured position source found,
Alfonso Escobar,Chile,2023,TBC,,,,No trusted structured position source found,
Clemente Saavedra,Chile,2023,TBC,,,,No trusted structured position source found,
Cristóbal Game Jiménez,Chile,2023,TBC,,,,No trusted structured position source found,
Domingo Saavedra,Chile,2023,TBC,,,,No trusted structured position source found,
Esteban Inostroza,Chile,2023,TBC,,,,No trusted structured position source found,
Franco Velarde,Chile,2023,TBC,,,,No trusted structured position source found,
Ignacio Silva,Chile,2023,TBC,,,,No trusted structured position source found,
Iñaki Gurruchaga,Chile,2023,TBC,,,,No trusted structured position source found,
Javier Carrasco,Chile,2023,TBC,,,,No trusted structured position source found,
José Ignacio Larenas,Chile,2023,TBC,,,,No trusted structured position source found,
Martín Sigren,Chile,2023,TBC,,,,No trusted structured position source found,
Matías Dittus,Chile,2023,TBC,,,,No trusted structured position source found,
Matías Garafulic,Chile,2023,TBC,,,,No trusted structured position source found,
Nicolás Garafulic,Chile,2023,TBC,,,,No trusted structured position source found,
Pablo Casas,Chile,2023,TBC,,,,No trusted structured position source found,
Raimundo Martínez,Chile,2023,TBC,,,,No trusted structured position source found,
Salvador Lues,Chile,2023,TBC,,,,No trusted structured position source found,
Thomas Orchard,Chile,2023,TBC,,,,No trusted structured position source found,
Vittorio Lastra,Chile,2023,TBC,,,,No trusted structured position source found,
Anthony Alves,Portugal,2023,TBC,,,,No trusted structured position source found,
António Machado Santos,Portugal,2023,TBC,,,,No trusted structured position source found,
David Costa,Portugal,2023,TBC,,,,No trusted structured position source found,
David Wallis,Portugal,2023,TBC,,,,No trusted structured position source found,
Diogo Hasse Ferreira,Portugal,2023,TBC,,,,No trusted structured position source found,
Francisco Bruno,Portugal,2023,TBC,,,,No trusted structured position source found,
Francisco Fernandes,Portugal,2023,TBC,,,,No trusted structured position source found,
José Lima,Portugal,2023,TBC,,,,No trusted structured position source found,
João Granate,Portugal,2023,TBC,,,,No trusted structured position source found,
Manuel Cardoso Pinto,Portugal,2023,TBC,,,,No trusted structured position source found,
Manuel Picão,Portugal,2023,TBC,,,,No trusted structured position source found,
Nicolas Martins,Portugal,2023,TBC,,,,No trusted structured position source found,
Pedro Bettencourt,Portugal,2023,TBC,,,,No trusted structured position source found,
Rafael Simões,Portugal,2023,TBC,,,,No trusted structured position source found,
Raffaele Storti,Portugal,2023,TBC,,,,No trusted structured position source found,
Rodrigo Marta,Portugal,2023,TBC,,,,No trusted structured position source found,
Thibault de Freitas,Portugal,2023,TBC,,,,No trusted structured position source found,
Tomás Appleton,Portugal,2023,TBC,,,,No trusted structured position source found,
Vincent Pinto,Portugal,2023,TBC,,,,No trusted structured position source found,
